title,company,location,link
Data Scientist - Analytics CoE,Hero FinCorp,"Gurugram, Haryana",https://in.indeed.com/rc/clk?jk=740265cb37f8137b&bb=XbERbbPy2qSIfOLjgbo3X-5hde-PpzGz7p0l_2_Q_mthrB8W46isXcKQV4mcL4AaD8GcuQHDuBqGMoyI9nsEHLT1S7OfmUk66jWhzZKO0qvAIkaJOd6nriCtM2BNl2-gQYA5zOy40g2oTjmpdTVMsg%3D%3D&xkcb=SoAR67M3jAtqKCzDVB0LbzkdCdPP&fccid=a230af6e56b7cef1&vjs=3
Data Engineer - X Delivery,Boston Consulting Group,"Gurugram, Haryana",https://in.indeed.com/pagead/clk?mo=r&ad=-6NYlbfkN0Ad1FFWZOsBBwBZDGouyCcICeLSd3pQct3wJ1q5dPO7JNFPcbpYQ1XCYdTOV-ko2T57wlnQKHsRLP7P7BDYnxuJ3YoleXL9Cx1xL2MIF5_jcaKBnnzI6gbA2EDK_URH6tGCCIecFq2Z-L3IJbvbsKbWQMscVALTj6HE9uhGXnppVASQ_wkzGIjuCzaWzLwsXXqxA7CnAj_roL7ZjiuVELR_tLZewrkADZBXbITPqzw_rBlq_F6c9FC8lwYTIRDexjZtEknNte0BwPq27pof7zzPfWSVWbhcgefB_iAK6pNw0spUjS0U1HZMHPV4nOSayHpE8Jqh7n3aMvjdo_XbjIp1XtBCx_ri6Az7jGTtT54H7J-Aq6LfMEEPqMj29uKSOAc6DxScRa5JV19Or441xT4oqzXlPn0hQEl1ZQJHluZW958Vrr9m5UajZENFToH5NKSTkHKrwyZeiQtJhfAVpbLu9VwOrIeTyKZT_QTrmh1Us_F3fkPlNDsK4wQ9NRocZUEFLbKpkva46fnJ4jGt1Kop0nyOkupsF8zZHIHzfhNl9FOf6geAniOf06Dzamdt73lvpqgP2oHf4lH35x5Fu8wXOYe5ZuecOE1o8ooi-XfNAfg6aPrm3SieUhd6WhLgT4jfXCzyvn6m92W4ooVpmsjar9RK9F2xvhUM6Z3S3f8Re2wEmcgcPQKRz1qdTyu6lgxuYa3pm26lwbRamtOkpBFdfi5dCIRKCiS5W0frQtszIR2uYbNeXFcyRfHyJHKWWeQ-v2CjyWYtuHznEJcLalsiD6aeLhBKiSqbGLni0u_y5uIbVpSZm6Xh_gt-32z0ymEK0gIV0U3sGKjzie_7OEyu__xRFsDzHTERt4y8QSUkm3MOSWWD4JZcxcMV1BiVljFWrAFC23kZ3NBf1D5dq1Myy6i4CrckDx3khuKIoS3yBkMgRNgOTMAPuwQ6H4fvp0MRLNbpA08d0Pax7FkE4Rk_XE0MjqqpdrGbiCWotTN5zHzJDfqEcCeNf9HXYfC487rF4rsw9ktLEQkkh5G3SMOLVz-SzzmCScFpvOgE_ywyCGJX-YQSVukBp7IjxQnKBhzA2EU2gI0QyZoHtmQcNMYVQGEWbT3jx0tCIC8HxFGgoEasyVISYRemxqXKHXmoX3zFyHBgTY2rRISTNC0uLQDfaVu4atYsTyTdOGb1HGvRksm7fDf9nfdTOWu86CSdB4Lu7bFcZhm6DDeTQg4UN0viHKVniNCB-SrPdhFyunAMMrIDKpvU-PmadDcZ8wBeJbP1Y71eBQD1vNpw3N7ANOrC03-RiixKcvaESWBOJXXMqzfIr8V5LyKqeQOf35Yci-qUc-Vs9JjnEKOOixNk6wAgto0_q1wvjasqtSSjCYSNydHnpzqCviSX2ft46sZEL7g=&xkcb=SoBR6_M3jAtqKCzDVB0KbzkdCdPP&camk=C3EPSzFlQw-Kxz8aVjN35w==&p=1&fvj=0&vjs=3
Data Scientist,BIZ-METRIC PARTNERS,India,https://in.indeed.com/rc/clk?jk=aa6171aedd8d53b7&bb=XbERbbPy2qSIfOLjgbo3XwUVHEeY6j2u37oVZO7dPCNwFTIhL8RZnz1QTx-qAJ4u8qZob4XYZCJPVFwje720BYk_IMegOItavTOUNmBQPHLxpkdrkKMUvetZRneP2NqmyKv33bOky4yVI791p-_yEQ%3D%3D&xkcb=SoA467M3jAtqKCzDVB0JbzkdCdPP&fccid=0ed67941959bd3c6&vjs=3
Data Scientist,Safran,"Bengaluru, Karnataka",https://in.indeed.com/rc/clk?jk=c35313de6cfbeb62&bb=XbERbbPy2qSIfOLjgbo3X9Hrx_uSXxwXgzG6u-oMwh7Mv50EOmRZMsgeICxrB6HFN_Re_dJogHamphNl__69FiuYzEEc8CezchKM7tP2rpURD7H9tpVDGSebveZV5UJKRU2t_7J8sCU2foM1-d-I6g%3D%3D&xkcb=SoCM67M3jAtqKCzDVB0IbzkdCdPP&fccid=b3885ca934ed0066&vjs=3
Lead Data scientist,Weekday,"Mumbai, Maharashtra",https://in.indeed.com/rc/clk?jk=8597cc7282e8f396&bb=XbERbbPy2qSIfOLjgbo3X7oOI6d_KP5jQ_TCaozAeGGUNhX0N3_Nxc8yO4dEyWnPRHyEjiFaESMwXsSfTTGucWb1BQSXTv4PC54b4tnLKu70FkpY3_Oq9gyVHZ2BBMMBJblZ_-v-TFOnWOg59uCY4A%3D%3D&xkcb=SoAC67M3jAtqKCzDVB0PbzkdCdPP&fccid=bddd218f3c4f6f22&vjs=3
Lead Data scientist,Weekday,"Mumbai, Maharashtra",https://in.indeed.com/viewjob?jk=123456789abcdef0
Data Scientist,Renovision Automation Services Pvt. Ltd,Delhi,https://in.indeed.com/rc/clk?jk=0aff5007e1211dac&bb=XbERbbPy2qSIfOLjgbo3X_fZN3Rzz7uo2zAro6i5yguvpiLN0e5q5C9s0JXIN3j4v-69OIZgR54eIhIPYaL2LNQk3DqZkQEbWaYDo22V7L6YLH0LldTEVAGIbWU23VSm7T1ytuqePzqw7Ybc9IHV1g%3D%3D&xkcb=SoC267M3jAtqKCzDVB0ObzkdCdPP&fccid=4821a309869eefc5&cmp=Renovision-Automation-Services-Pvt.-Ltd&ti=Data+Scientist&vjs=3
Senior Data Engineer I - Marketplace,Booking Holdings,"Bengaluru, Karnataka",https://in.indeed.com/pagead/clk?mo=r&ad=-6NYlbfkN0Asx0rKiHSXymkO8slWtT2xWkY1-oduHI0IsT-7aqdY0OCwOFuYw35h6PYkRa7j_YPAXVrS1bdMI5WRzIvbELDHW326Z96mO2uTZtWeDPL-XQl0rZXWek9cQWimKZHx-l9Wom7lE1rBZTVHNycyv0y-64pqlZEuoyFCPj2iwIvWXsb-ohkmvwmVGquMYabsdHV4KAEDtKatMh1vA6n4kjGJDOW47xCK0_2B8xRawCgpI3lB7j42io27CfBDkZoQhBO6YLbBlDQx_Gr_Cr11Hu787RAzXq60-JH9ECM5_yaSJccRd82PUjYH9_H5wm3N28NHdFTWE2JE1qIkyIKtKgdhtmqEy2gAjwxwyGWZzmTel1gY2HV15egXG8soSCO22iCweBzqMX2nRGyx17ioi3TkRTzV9o4NBXlKKZVmJ_TLUbxs8e8j8jxFl6_-3K6U3rZTb8vQAMInlhvGO_TxYLreL5CVFHjFh9UdYS8kDJRLvyYmInHk-XmzPkfO5JxdD21YxAV-eGvLZRLkfWS5xUj2aWeKEhGPx3hXUaMK7Sop_NuOmRohsRormJa31LkZYzxGMayzfvo1Q0vVYOdncRN3VX01WxZVUmkVTytpRde7b-1RhEih_ITVfplQ017MIigAzE80OYludx0FJIl_OUw3U73vxxikCpUy1bex_ynMWAPrLGzGR46YgAEGk8Suw6pyPB9fBrZa4EiwWshKxFw9LUdEWlGbluHdJy12RWr5Pmb-mBGbaFi-NzfA6dD9t2fuEd0Yb0w6iadkH8LU506w-y7Cmnc1DvObmO61rsa3LmgqUptpTXQ4alaD0plNV1ctAbIWv40G0lYnop2UbdLthRAvQLrUjvJXYAjrLQSo-zHI-MrREHmjjJThrA1-gUzGj77NyZJinFBWzXTaNDp9&xkcb=SoDf6_M3jAtqKCzDVB0NbzkdCdPP&camk=C3EPSzFlQw_ZGffWIKGdrQ==&p=6&fvj=0&vjs=3
Lead Data Scientist,AtkinsRéalis,"Remote in Bengaluru, Karnataka",https://in.indeed.com/pagead/clk?mo=r&ad=-6NYlbfkN0BinXbyPZuTL8Uaf9gTo8hf95uXmUwO-bTspgIeQUffKjaCS09LIU4hDJZQyppjvRwboBtDueNnz3nr3PF8xIZmCNG_nwTk13QrTpHNXk2b3KXp1fRR_RJ6YIr9huXoazDVwgcRJmw5VXSI5QqXEK2g0stgjENciXaCwTZD6iGrpXqZVwxtlb9FufGwPVHQGJIxxz_Sa3dCkbL-XkUKgwOjLYXp9BcLQtwuRWzZPRHFbax1SGWcUp7jwkW1Fh7gA_J8_d4PFltG3YKYqd8-Qu-wtLFv6Qb0xTiYv8w7qINPSutwBS1Oq2TFDgBWBte-1W2LWlQc1RAK0EaLTpxLGg33s9leYS0SOqxM5sRWhzjbvcExhKVBS6qtlEC928PDwm23T9OE_UCvS4ZNiF_IbKn6Xe3VVkhK3S58WK24F5g8W8zVfv6Vax3b-O9g0GAHVdpvimSDsOmhllqeyg5m34Yr_XPh0uz39ppli6W1yqJULUuDcUMWH7usWzKwGAK22VwIOWSFnSP5YHXRB5X-jiTxfcjGsOtLS3LhFgY0-n951uTm5mbRJT5ZOXHN1Z4mvHb0Vom1ubImakGwj-GFqlAs6x0PKCajcs860mIMnSi0t25WilPhfgJKDkQvsF1cM1VAYfXuye6XpGRELavOu-oJdJYzZDCdN3_j4kBC2V8Iew==&xkcb=SoBr6_M3jAtqKCzDVB0MbzkdCdPP&camk=UoKtGZLa3XKWE0QO0r2SWA==&p=7&fvj=0&vjs=3
Junior ML Engineer,Adela Software & Services (P) Limited,"Tiruchchirappalli, Tamil Nadu",https://in.indeed.com/pagead/clk?mo=r&ad=-6NYlbfkN0DfsCiTW1a5A25yJSvifo2CnpPFPof-fSFDTma1PoK-ptpobxHpaWVq5OxFEmfJC2aOuufrLkHZjNo9HVS1BxZyXGduYEDie7_AtFoQfCdGeEX44szPQRByyNNkLZuS7IG55_JyLmRoISFCqlFoCYkIg8gZUsWvTtOtIlqLNXRJIHG-JD5MWqAEm0YUsF4IYaM2z8cJk7xyy1pCuxHeLZHs-XQz0ZPF8kxINsIvpQihdMj1vBlN16QUpTPAvhdnIDrE_O_M8j-ApuxpKTmbG5vX20iTBoY6wvMh8oNgjJ-I1qKvS5a0xLMlj3UxQaSgB5YFlbHPwpUPOdSLm7Ptzgml6DQTemiV24wKnB3knYdKoAJ4U6nywKLRaL8zGBXNXrAiNuny4qTvLoOY3iuP-g4XnGf-deogpoSeQOkgBqa9AZ0qy5C99Nf5qpblfucL6iRlqPvN998feraUKIINramCq35VNWIkvfmIceQqSlmKU-eUVRKtnM4-oC8TtgWON36wY3ik2Y0fr6iQl8gzdgxr1Cxe9WjLWtfMXOOqnRX7QCtaG04HwiAvJO68lDRMPSmfgIbFNjk5n4ZLG8OtHukY9x7EdAoiJzNAZUeDf6HqHpkHMRFkjXYZgAbEOq4AphfrQbNswmNPE9UJrydyHaev&xkcb=SoCC6_M3jAtqKCzDVB0DbzkdCdPP&camk=nUmJqO2E8rhfG5xmDoj2jg==&p=8&fvj=0&vjs=3
Databricks Data Engineer,Optum,"Bengaluru, Karnataka",https://in.indeed.com/pagead/clk?mo=r&ad=-6NYlbfkN0BWpgndjYL01xMr26yTqLCDFb3b3BUdaEwmMV3w6lpNxfdb7iEvGm0gmfmM0o9B9H9-vYCdyBADKXTsdLB5oujns_NX-8seANSigvCCTrBVlNDQx8BDYHeD-wbPxYjpd5J-gAEXSKjRxFuA2EzU5YP-52oXvYUV7_joQdTix1KRWixXdXxksEVvCMK6_NCi2CZuRnj7NtxDaybHC_cNfgXbI7tQf0BFnjYjT918dmfZqOXhEbU0Zk0J3g_m00NA32MxzAxnofwkeOUZ-RyFWUKPj0nqscBKZQwqxolHDHdlUmdFQuXJd9GlSiecO2EImV96eTbi4i5WyatWME9uFc2tirD3wixQSTf_HROvMnaFVcbCOJblxWwsrt7BVs-P6fb0eLgwZj4n3jRzVpNG2lcP4X6rPcbJ6KDCO9x-NHASWl5dELxpUrjDcIExhjhPpSecilZLVCTBaLpETWxNJpiDI614sJNaozepq3AIFsWOkQ6Xs21ItWesoCKgAgvdCtdCoa9j05tkv3Qqz_HHsb08BJpXq1sjfOw-04xm0Ymd_2bZhBL1a3m8WZ-yywcw8QD4Jr40i70uJgSoOP7ykZmTPPsBNJZGk4rdYCNf0z_aOqxtPAhj9uKTYD3lExnZTHb5j31AHVaf6KWXsTrdeG2Pe_jhD_pcqyWPxfmWMT5YnP3eEVZiBWS21hAU3KhliruvNHbimTMOvuSLOQoQ0wR7hd8noFrMKy68raPNyxN-9GB1zDUSgA-9DTLoIW2DFdF_09zI-6VQmGEK7oeBj8BHocWNN-nlH0bIoBDtYFsFNg==&xkcb=SoA26_M3jAtqKCzDVB0CbzkdCdPP&camk=ethIe0s0hed5mhSVDYdqwA==&p=9&fvj=0&vjs=3
Manager - Data Science & ML Engineering,Zelis,Hybrid work in Telangana,https://in.indeed.com/pagead/clk?mo=r&ad=-6NYlbfkN0CMjQd6K-mJQmnXP0NIaacqgU_ZnGMdJ3ZujbgiYs9cqb3DtnC5QIo5ZlnIk30BCeG1aq5W8vQc9W9LZxYjMd7kp_FicQInC5eCCx5ffHnbLUwAoOEx8-Qzh_5qWAfpIBswUDzUq5gaW0HFKJOPuMSDoIQJGLLpPSNITs5b4nisrMn64Rhf0CI27RJXgsAP-mvqmByL6WQz3BAyyFWdpnOzLj4x8BojeGdlOyIA_u0zHjrAiCUggNBKmEshRh6UtqwURww17F3rYkJ4oPwYvywga_jh9MZbwvnKVeWKdiqzewbVZo7cOIPXqBSWCugBAjluHT-hd1ZaQL9pmQT5sw_j4VH62L26uUwWuLSDcCdl6yrG3bzLxsyO3pxoKeM29JUpzPYQn-Falsx3pMP2WdljHtw_zSiOYTP8IaL6opMYU2xhS1pTbUy2H4snAKoKjrJJsemftvRVk7ziMl3kJHYkG_hpUN5y2iAo1FjqIibrj9ocjg5Tt42lZKniyr5H58NYySusc5rBE1XJll5owWyunno86QD1Dodn4P4Hl52AxpttzeuIKnuHp5QXNKmDYHRtvCyrNFva99nffxhDZjqHXenLtPGG3WECH7BvYpKt-ZE8-iUacdyn&xkcb=SoCr6_M3jAtqKCzDVB0BbzkdCdPP&camk=ethIe0s0hedhjE26FdisKA==&p=10&fvj=0&vjs=3
Data Engineer - EMEA Data & Analytics,Kenvue,"Hybrid work in Bengaluru, Karnataka",https://in.indeed.com/pagead/clk?mo=r&ad=-6NYlbfkN0AnH6HNl3qg0QQoMtxRKZBdeOxG4LsryWJUV6u4ORaRKqUckZGVeOJzLn0Eg6o8XYI0hVg-_8OxkUp-ja1iL2bwBu4z-K1yF1MCglep1Vz7uuXK0TA8yW0uXFpgYvXDwBLqhExhsWWOoigB2_LC3J4C33w0A80fJsN-dPGmYMl3fnR_jfuKtfaVZ-eL7HS39LY4yMaJUfrHXxDV0hC82TW62EO10y4WcHdcufsUJ3Mog92RH0LLFw2a9R5NkEcg_j9WreQ0cg5rQv57oYcVcI5TI343h7l9D8mWzpwEdc2VcjQVU0FDhOXVDUU5dA1hu8jC6SiEIP-19aPB7frc6u9gIW3OReincNm28LexrJAp30qrDouhVkPfrZ7db_zbN8_isbvn8T8MDuNy42-JlYIpJzU3NKPyXeZ0C4uebP6OOfuiERXVyL2K26B9nvcu_y-xV7eZ6cuyv5XnwBhz2bEhGYVFz3Uw_qxopVPYMTSySvcd8xHibJcEhEjnC-5s2B2iUEjRsPysM9kswKh9n-s3i5iaZaac9h231Ojoyey_5vdrWLwUAvd1pgixGYRLZ5d_fjDPPR5CTPwwY_4f_nNejk7QuiroDzD6RnvWzNWmiyXWg6C9YVEHr5UnmrrcBNWve8nMbB-ZjAlpQc_F329nrSaw8ZNiyjkQtHH8EAwRIRe89UO3sYG8mM-yY_KkR2U5q5l2G4sxqlaQRY_sZakZuacnc9-sgU1nLcZLQoO1zpwLqgQjzK62m2cf8j1RlEj0zOJPMuJLjC4d5KGnNyJo5xHJby18IfHlrY6pRXurTXqERDCB6a7fUaiPqPz9SUxh0AbVYoaQoSHjrwjHDqWoBoP9XeHJl9E=&xkcb=SoAf6_M3jAtqKCzDVB0AbzkdCdPP&camk=C3EPSzFlQw-Qts97afg0Vw==&p=11&fvj=0&vjs=3
Senior Data Scientist - Demand Forecasting,o9 Solutions,"Remote in Bengaluru, Karnataka",https://in.indeed.com/rc/clk?jk=e3c6a49fa57ad300&bb=XbERbbPy2qSIfOLjgbo3X1WIsQ4vCfi4OMoyg51NHIBkq57QRju0AeLfI7g3tAM32MVFRwY5uLEo-0b7NB_JGaxHanOaXZZc67ovDc0rxHXhnaPN2cdrFQfiH-Ea_tkSav7ZeFOJh97mNJobJ61TtQ%3D%3D&xkcb=SoBl67M3jAtqKCzDVB0HbzkdCdPP&fccid=6a3ad03aa444a953&vjs=3
Principal Data Scientist,Meesho,"Bengaluru, Karnataka",https://in.indeed.com/rc/clk?jk=2cf18e8f8e60e528&bb=XbERbbPy2qSIfOLjgbo3XzgQHytkE91RPSPke5zZlr4YAJAsW1-LKICo2GPrEtdMOgIzD_kxhCS2YMOOlXDmJB0kCtPFG4rugDB8ogYZk4B_vsLQ1ncbYeYkBRjFPmIVVIOBPbtgcjTEfPwTZN9Pbw%3D%3D&xkcb=SoDR67M3jAtqKCzDVB0GbzkdCdPP&fccid=a07125726ff9e55d&vjs=3
Senior Data Scientist,Switchfly,"Remote in Noida, Uttar Pradesh",https://in.indeed.com/rc/clk?jk=d7212d78474e7590&bb=XbERbbPy2qSIfOLjgbo3X7AE1UCwgDqzwSJF5UutaLWwGw6Ae6p4H5QlpN1JmhnuxWb7FswvhS1HCmggviMK2-44yIgEiHCH2HB56GeptkQykkSMhQF3Wjb2bYfX3rwAATLy45a87K53rORVZxrefw%3D%3D&xkcb=SoBM67M3jAtqKCzDVB0FbzkdCdPP&fccid=9a989ebfc097894a&vjs=3
"Machine Learning Engineer, GenAI Technology",Point72,"Bengaluru, Karnataka",https://in.indeed.com/rc/clk?jk=69143fd06d6d7d69&bb=jVMqEyuzusFFjkRTHYWrEz55tCsHZwOuh2EVzbfeAB9sDMAC-8Mo3I0NVrcCQt4pT69kNvWAlV6JyOh0f2X_w6OHkGi7tSU5W3frHlDrIiFfYQarw5154KvmeHAowP4uEO_Vb5H2uyi4vE-XZBMsjHBFRR7D-f6lDOnvLWTMVUs%3D&xkcb=SoDW67M3jAt9p9zCVh0LbzkdCdPP&fccid=f1d5ebd0db298201&vjs=3
Data Engineer - X Delivery,Boston Consulting Group,"Gurugram, Haryana",https://in.indeed.com/pagead/clk?mo=r&ad=-6NYlbfkN0Ad1FFWZOsBBwBZDGouyCcICeLSd3pQct3wJ1q5dPO7JNFPcbpYQ1XCYdTOV-ko2T57wlnQKHsRLP7P7BDYnxuJ3YoleXL9Cx1xL2MIF5_jcaKBnnzI6gbA2EDK_URH6tGCCIecFq2Z-L3IJbvbsKbWQMscVALTj6FkLmmThqmScNvyixCIApTRTNm0fPeftUIF8sy2L1khUFGf5jGFu8e_ohY5u8yXIgN-gf2sCwoBL7eUE5hJPRHNBIKe5XPXdzk0y8avSQg1QfWVUf7XTT3ZOSDVsRLtXJDAzj5azNKfqawY4dpk43DcyJasXZSAzGA65vCOYZmBRPfO5dh9fKPmIS3CDYrMHyfU-nwwRFkrrs51NxPu0zX0MXq2FmjD-01cNQAEgJlcwQ_XqujR3nnCDSTgiNS0fqiDAgNpwBSym10n6y6FpPrEjEf7cBlrUUDBXJqLn5oHzDy2n7XOSMLB3tZb_ai6n2neyd-OtJfB4Mlq9DoLVxpcmU7GjVGUwQnGhQRks_0mVkhbm9FV82DwBPqqoJzgCFWlicZ51H7RW4glSz5yxnmlWaS4rT9He_HHOAtpd0g_heGcuuHZW45qGqI6ISg8SCpFps9i41DOhJfxEsH_5R9WdhsNA2d869pjJcoHS7uzUYJ9hJx_yvysRiL_P9c2KDclXs8I2yf-0iENnBq-fUjGi_4RUcYdwWOHzzUdymT9V8_kAUNXG7Ag17dK7Dl8MrQkFZFZakV8ohrDldU7XaxQbPfls8XSDFcuXYd_0hodCPSQLKz9LZtqnzl8TWHpd4GNTeDseItEJ9EnBsqCTDh-U2NUwek9nR8PUfjJLkozFNZqDiM5093uhnkXs2TylUzRI41EqvpI2mHRTeoTZuV9FWtVVuybH0jAlULzQ2-46kJYY4tdJpW7vtC8YePtJox5itA1yRulOyS7Lqv3SqvOBHvDiKoBaUtZYWyZJPmyHghl-LdKoJW3vQ10XMRiHXlp0WLofnIdfFDuUYrvUOXlCWkJUwbVfqi_phFIvguSS_xU4-Minnr_5RHbLLYfzTcnjtWUzfiWWEcoy7CKcw8KEvzbjNPRYMi5nWaqHM81CGTGaPX-fYDQ-_k2hcxDx9NZyQlL3cnI5EhH01X8EWGxM_EXAw1tJjOiW2GBjgPY5aqfMSdU8NhII7BQb1Bb0lZyAsTJ2921k62RhGqyEhykl7ePYBzddqFkUps7WKn520cn0Cx2QhJjb1psSMKJtZFvIiAL3_ErwKslr6WjjZ33PJqUOBtlOZu5LDF7SEmzBeJze98-Q7dRPaHZeNsbXvBCpQej5r6uhaX-hCkkzYhRea5OYjAFsMsqLsYPX_Lgv77kdrqE1hoJpczeEcqMSCGpSqXdY04XYBZ5CN-IaSo5UKbInO__ard48RRQ_k_29g==&xkcb=SoCW6_M3jAt9p9zCVh0KbzkdCdPP&camk=C3EPSzFlQw-Kxz8aVjN35w==&p=1&fvj=0&vjs=3
"Analyst, Geo Analytics, India - X Delivery",Boston Consulting Group,"Bengaluru, Karnataka",https://in.indeed.com/pagead/clk?mo=r&ad=-6NYlbfkN0Ad1FFWZOsBBwBZDGouyCcICeLSd3pQct3wJ1q5dPO7JNFPcbpYQ1XCYdTOV-ko2T5DcrUamP2zS3MZyVSQIoBnA4nHIPuszD-lTCRNXvM_eH6t5Gw_vjDTyTLRx1XVTdHEJz-tRybBukvNfd1sHqTcbRHIzvwCXpQRMdoMjpUMfIiB4zMXn8TrCRDjXVwcZ9BduLOyJB8q9FmAuiVL8WIJxgoh97DKUlI_ovUej5PjGrG8DMlJdAEDT_BNCiZ6k-teiHAyPrtIm8Fi2lubD7-Vp-RT_1LQkK4PWfSqfvuUAwMCR2EpsDUgJU8QwD0FIJNFXBKbJc8_x8oLMD2LZ56zhx-XkxpjQbGeY53Yh6xHlP4X9jzfm93kSAiPH7YSuKPt15rvxRto7dO8rBXVIR6CXwizNdbqgvV-VB_oYlXQClxxXcJLB2WzG3mA-3n___V9nzp6FukI4OJO9DYuuRbhJFxLN5NJv4aRJvBlTyNq2ydCF7SUJ6BPdfeUyqyv8rHjtEJA0yJHJMX0u3srvgBO93LsFgDKTDqN0ErWGjXRgwEPhNiemUn4bfa3V61Nz7UPb18n8SCrKblhscnCQ439lsklWv4OHXF6Ob1VR-vFYfr-P9svlwx3sMqvfDNKrXPyO1F4eRVORQxfyqyaRnkb2jc8Fl5IGuW_-OcH-kjhDmQVDYYLp6uOFHtqV10ITpme5qc2htBQ3yu50_Sqm5VPZJ9kax-tfw3p0vCdVC2naCLXVFG00yopHJlEkgssC4svCXiMVdwjs7CpI24G5-9gDJmo62GfbF4r2gQZTXgiJyBtbeLnL7x5AeGcnniGujeHFGCeZRyZ1TZQtBi886mL4QVqVo1xXLGbB06RHKPN1MNZ26W02dbSUWLSuWTJQ2HhYtCupB3D22P4MSubDFnPJuF2BveniZT34a6AxgS2i8bDvkfq8ZFH4_PxAh2sYYWl4SqZOCfya-8TSSfWaVjwaz5d40Yc9LikxkLgg8czXUUUYGXlpHuDkXRSxaR97FqRJdY8gNEVkv8QghFrtLYirIsqrno-YkY6wWOCmbggM14Xrbsfz-FAoabEOV11AlJ4MBVDDPaHrFjEou0Jjdz4lByq5F624q8uaAyI6gXu15mD9NFCVzeQYxxyPN2SzydopNbVM5cGdSDcBEREPbeAgGy4IlweyVO9e15uTEr9BuXXCIaXN3dqIwsv1G9u9ZuNWhe35jgMIFxbmglMzS2ORqssa9C-fhoKomsWMvirTIJ7TJ_J4bDM8lqyZictmDPsNbzDa_G_SFYJp2uJNYRcev_MMlBjzOWjHpiSFPjM2fa9bu18DMUQFu8K-jSHkjKCxDdOkFqcfEhNPR9nNByoG8HizIn7O4cMisv0vxWAi5fKaMpVscBxPH0OsMRkWU_g4wUfDndQuaHsbgRSbefeeSRbOA2BO13fUj_T_K95ZkMKquqTYwdR&xkcb=SoAL6_M3jAt9p9zCVh0JbzkdCdPP&camk=C3EPSzFlQw-Kxz8aVjN35w==&p=2&fvj=0&vjs=3
"AI or ML Engineer - Python, Scikit Learn, TensorFlow or PyTorch",Optum,"Hyderabad, Telangana",https://in.indeed.com/pagead/clk?mo=r&ad=-6NYlbfkN0BWpgndjYL01xMr26yTqLCDFb3b3BUdaEwmMV3w6lpNxfdb7iEvGm0gmfmM0o9B9H9B0ZyZORxvlUf3qmUdLH_3uy5rhqnVMCVxyvqp94Vq_o7O5wvI9BtHL8DJyJTMBJUUZvMIYGRf3qXJwoVWMI3DnEsDejxkRgctQwR1IyzD-zDF-dvtA8aSoLqEJ8-tCQGO1pcTBpzwiE0PFKH4ENGBsDjW1II4CFrVzkhvKR4HRMbbuA-eSRiUei2zmKpdVfKt4o7JeynvB6rOr7XBYf2RKcw7YHVe0fgvDEh4fSpqg2cqCGF5zmJNjQT_GcyqS6BQdKIYTPIod1UrlYB7nyjpW8wG1UYWhgW5DwmeVjL62aS979QQ5zp0yzaFo85mzi-aCbBNz3La-5lKbPII-e-kX3vxuWPMgOm0j8wW5Paio0SBwJp3vlpabnI_DDLH2QVreEJWNxHtsO9JtscsH2np8eIU7RIsG4B-6CGL0mWjVv6VsjKy5nApC_A7RS3fMbxNWkroC55xMK4029mB462sNFMiy19TcD3EttGP3YOU0UVVZHAjigXJEXzIaeorsBKqG0RS0B1Rsg-1qlA07ws8AUydgkN1OA8JYOexrn24L_ieKZpVYWfE7-4nnTYMJTxa9eXPf3Pq3opkBrXMLub5JkYnuFdR7AfHt_vTdWdj0vAIVVEuXQPfy371VMqOgSdHqb04RpEBusWxBc1BbmfG0-gNhbJzM5TiLciRj235hDPnsxcs5kd0WxmEHj03AwgEJe8gVKVssHZPBm6J4dGEaTE-J7O_ZjxnxQaB8spl4asYTQTnFDRVmtN6b2P7LiA=&xkcb=SoC_6_M3jAt9p9zCVh0IbzkdCdPP&camk=ethIe0s0hed5mhSVDYdqwA==&p=3&fvj=0&vjs=3
"Analyst, Geo Analytics, India - X Delivery",Boston Consulting Group,"Gurugram, Haryana",https://in.indeed.com/pagead/clk?mo=r&ad=-6NYlbfkN0Ad1FFWZOsBBwBZDGouyCcICeLSd3pQct3wJ1q5dPO7JNFPcbpYQ1XCYdTOV-ko2T5DcrUamP2zS0TvwEPKU3jzcPaHfkOzJzDNXVg5Kk3UjAAAK1p1RwvQpTudLyvZnIADOD0ewWopzzXCahuFxxotBvkqLmZHUun8bHgdFgccK8VUm1NyJ0zrjLx0f8MQgVZeghN4jrIImqLzt8yGZ52u3j1bev1-IwnB5muvyxiVqFGcQFC2Lbe9Ui2671kLg8o86zdM2JmqD8m9rlQl8Qj9SC5aMRLUQsMSNJkDUulXn1Dl3knuqLNanaadN9uJUBw_T83XfnrguL3APBv3ENWjDHfw4M_WnQU6MU51zP_jtH6kPgb5MfSfbSZBvQIn3YwersYrDojL36RFtXbZQTnA58kz6e_cpTyaa7lRzv3vfxHAno6GoF7qZdS92v3-BzPMwXcJxl8Oi0r1U8DM_iNkWYTX_hjGZfBwVW1FQXBZiSsAlcYo89peSSAPSWjlii_44AccMTjpmH-6m7RFH4GVlIfKuyU-8bkjlBQ1cIqtlVNzLcKv0SgfhXDrwvsnT1KcNUKkDHzhJPlTZlzvysGreTnJh4ZfEfuJhwwIuour6-aWfKaQ-Y61Bxm8c6WGHPvr7jTWAfDKcYSsln2up5Fy5TaC5skyH7SliBtH5E8u6RxBfDXAqPamPOTd_BYf4IBbcTIE00nSYO0j47Zp5XA7J6JzrWUbI5_TidWwqAoVGj_YSY5lrVz0RejaNjaC1qd-SAeTG7VnD5COBR-Qh9h-iKu-wMR5GhhP3UcUZKLxq43jsRtT9ocDFTWsprSCxghMdrB9-wN1hp7fQckHcQHnqfV3OFfqai-AExgQkgACQsZd8A8wwkYoVwzsVzkKD5_qlVvdK2-LcZak7aWUMjOlaYJ3HA1rabul__g8iMBiq7mh08k6tlPpV4B5ji3d8CB6H-Gpmh3yvqpNRRCNTzgSbn9tcoSZOE-uJLUmqG6LrHnVtuWuqJt4HpmtfQqyM37BkNNBX9PDuZn7ecGm-lErEpdrCuDUO8qMmI32l70FwuqGkvL1jiYh9bXlnU7O08B9-ErJOpbj9OrmJLH1cjIC7tpjLZiSCRswYPtRHsvVultEX5FPIaEpoNCBnZ1Ghl8EoCQOouiU_Rs_MkCA1Vrh1V-t4Ldc3FMHgYY1oatazWpD_70VTLVugJwC7H5ps0GZY3ERXeGDNtrsvYcrCEw9tFRJnPuvlz5nVhppvV27xW2FeiZa4Yj_yND_BgTn3NZNutwBDSteXTPw_zCC3Tf82m6A7CA4QsHPEe8M4hwc4TxRMf8yo9kLTzbNfhsG4YEAAdpOiLehGY4jHEexHXXkwR_eKkN3mU1h8Pt8oOzI_IhM_G58dPdGyJJrCQZ9ZbtQOVykYWPInmyu6y_Yb-6XSLrTQgOwDPs=&xkcb=SoAx6_M3jAt9p9zCVh0PbzkdCdPP&camk=C3EPSzFlQw-Kxz8aVjN35w==&p=4&fvj=0&vjs=3
Machine Learning Engineer,BIZ-METRIC PARTNERS,India,https://in.indeed.com/rc/clk?jk=c8adfad80d84e9a3&bb=jVMqEyuzusFFjkRTHYWrEw-3Vk5ocxEt2phfdHiwse72LqXNSJyQDB4hPh_N1kkjojSmMNUxDJVC6w3ANYJCWh1MWp7ZMoWnExmCL3Xq0iOZX-bYXDbwEtSbXNMOKk0JldR-7-jlyzKfikEH12RXAHDhVvssJz2fbq1GqSn32cE%3D&xkcb=SoBx67M3jAt9p9zCVh0ObzkdCdPP&fccid=0ed67941959bd3c6&vjs=3
Machine Learning Engineer,BIZ-METRIC PARTNERS,India,https://in.indeed.com/viewjob?jk=abcdef0123456789
Data & AI Compliance Analytics Engineer,Booking Holdings,"Bengaluru, Karnataka",https://in.indeed.com/pagead/clk?mo=r&ad=-6NYlbfkN0Asx0rKiHSXymkO8slWtT2xWkY1-oduHI0IsT-7aqdY0OCwOFuYw35h6PYkRa7j_YP08ywsBtsYiu_dV2nlsnV3Ek7t2lvflJFIBixrqCPCkmOrmsxwXQFGxfhs-1FdCvfmdoPgK8P2_MulskqldHmAAjjDDRlZhSBgDImH7UzXVFLI-b8qXjPuEiqyGyDZ4vEfDWq9VuFGysDecs9wqHtb1nkSKOD0amgM_fBz8w-hbCYYpP0ucsg3oQLSk6K8yBtH2Jks4ASQ0kn6Zvos_5EBKFjx5pIA_MehgrtHlWCoKXqUCPApM2upnSoFTf5EObU_OxrcEVhCVrvWGpc8gSV-vtXA0pscAKt3Pz90RvL-ObJAY7Wydiiv-Qna56anww58BN6EyKzjRiKOOqjbK3RkfpGII_zbYr9yRIenCahslGvkSgkoLe6lnA_MZg2HZnc771kAQ4CQ9CFmOpvHNj9BVNeTXTkRNWE9PuAZnVz5MpySiz3DQdm_aWnx3fKQ55K62FJG7LXYV3zFvhiF0C7-pNchai6iO7iyfU-sd05SMiVFQRGhO_yy1efSLWZVATOmvFgsWKUI-0tXepyzb8lbzhVrsjnxMbeiRlIrwFqBohC_f-QJfsccz-ee3onRsiD-XFEJHH-kimX28TQ-3XTcfl8vMTp1wRY-6TBpV6KQJdidzTpaar2UTCCif4emFrzzOdU0m6Imw96JnqLevN1MkE6yTy8ZCYhw5eBuRXqidQxtYbO3qm4L71O0wTB9QKU0AyU3zQ0i4ifaX5pyEdyAThSltDlqgGhGSiZFb05iAOR4kP6NTipvtnAqB6ErqVulbs9b8-wQLqnLv1jEQ5bQvuLO-t0vAWiXPDK7JsCKTKlb3-d6gBkL20YKqHVZ7f7xsuBG-XhInjVtudcM_S3YleHx457IhPY=&xkcb=SoAY6_M3jAt9p9zCVh0NbzkdCdPP&camk=C3EPSzFlQw_ZGffWIKGdrQ==&p=6&fvj=0&vjs=3
Sr. Machine Learning Engineer- Support,Kenvue,"Hybrid work in Bengaluru, Karnataka",https://in.indeed.com/pagead/clk?mo=r&ad=-6NYlbfkN0AnH6HNl3qg0QQoMtxRKZBdeOxG4LsryWJUV6u4ORaRKqUckZGVeOJzLn0Eg6o8XYJq0rXzgfVppY3AU4oPxxA7AOSbJflPfeH9wzngAA1Mw-L7rA66RQqZUOuGcqPlBzuH5cVWXeALYoInT0msVWivpInrHcybyLycYBczmJ6kKbP0ExtKWNnlHHU1EubXbAycVpYBTJvXd9OI-EIfvD0dpY6HopG42R5F7sbh9Hvp14-gAh6Tw8jioSGWGmrScBs1PflpkzCOwoev_QSdC174ue5sBwV3v7BWKh_kC0h11qCDqcWhQIm4LjqO7JcmE_4QAN8XiD9VMQg8GibR6c19t7O2EFmbZYPPWn7HSdsXpxNmWAkxHIgKz3hcixlqmmpLblZHS8vtkZzDfyGTquJuIEyRV8Ut7R6wRyQ2riKVajC7R58MkD0TdWkNX9fBBFTTwPMXeLng0mdUAovF6i8FCnYnIF0_e24CZUoe6-zeEdFR3bUMeK3gBy1caaM635TIU3j5Xojn8z0ku4t4qhc6lJcH0WWnG1vv0nSb0WWChYQraVAPo4kYJkDKHcb5U2zlOlqToDfaO3lM8rFbEmKwpJD5HBN5o8_UgjV6hH_gtbBdPYhAVji9DeG2ViMMjXJQ4FIfFGjmuRduJCA3VjLA_jTslAoHfHexjipjI8fJkEJ6gMIT9hsPjy5OPK7PbTjfcNSpvfLP-N5ZVUxRc61SU_Ib3aYNaG_cB63QeRWtlQtEN5GiMg6lwIwIALfA55d_OaicXGmAmnF4dXtSDdwszfO_jcLHSz8SwiaXxkJf7YjuhJkfLNOrv_u6Mb5cq-iNXcMRZUKOZKYP3dHr0VxEN4BD5I7Z85dYBK4Z8sNkqBDO7TNpZ-Mo&xkcb=SoCs6_M3jAt9p9zCVh0MbzkdCdPP&camk=C3EPSzFlQw-Qts97afg0Vw==&p=7&fvj=0&vjs=3
Junior ML Engineer,Adela Software & Services (P) Limited,"Tiruchchirappalli, Tamil Nadu",https://in.indeed.com/pagead/clk?mo=r&ad=-6NYlbfkN0DfsCiTW1a5A25yJSvifo2CnpPFPof-fSFDTma1PoK-ptpobxHpaWVq5OxFEmfJC2aOuufrLkHZjNo9HVS1BxZyXGduYEDie7_AtFoQfCdGeEX44szPQRByyNNkLZuS7IG55_JyLmRoISFCqlFoCYkIg8gZUsWvTtOtIlqLNXRJIAr16aN-BnqA84AgRd1DYL7SbDE7BcXJoM6xT0zt_pHrsN2xDB4LxeGpOc3v7uPID2BzGeusFEO6NqqUiBMvJHTLIqNbcB62NCgKuc6KkEheqHNY6TqjZ154jdjstvJajBJn9NY8rZYrNPpF8uTZcF4H1rOZ6BNA0otn8iwvFVS_HbwURswsOjpxwxXzQBdpyqZthxYLwEZZ6qa1NBXzTJ6ZUaGvzBE42PIiKPKZ3PSpkR7cAP_kMB2wpZGQW8sUjkAQNgh-q7Rku_Pb-E5-b-HowN8KdnXTPFt4hDyKEqWXeJoq_zKIzWg2lVt7g0nkvFG5wZPd6dPlQBlaETXKqBrZgTMm5gkri21xCA4pLlJRlR9CmQgKJVG4porqcJ7UE-rRsjFVVpf6EwkzOIjheAMdNgplpFkC6xv9kSsw5jmCkYwn_qfh6jKagMcCruhSsjJMZw6qBBuO4_614TBD3GcNdIQiMDB6AsNUzjgxQptH30yvDbmyYbo=&xkcb=SoBF6_M3jAt9p9zCVh0DbzkdCdPP&camk=nUmJqO2E8rhfG5xmDoj2jg==&p=8&fvj=0&vjs=3
Senior Data Engineer,Bell Integration,"Hyderabad, Telangana",https://in.indeed.com/pagead/clk?mo=r&ad=-6NYlbfkN0AuGb9Dem4ShGVwtCRHJKcvGuP-i9NvXVzJOHlKTXBAPouiHQ5QiSZ7_zkg3mFULnd39dDGK0bwfkoV4-uc6Tc1yJmLAGfc0KhSZe7UQI5wqoySeNHDucRv87H3qMTktqh6Sk2l2olYWveqzBqamxc4K_5vvq_UjMCSaCet3H8lwSb04O6NivapT70D8G6hoJJGwg72iWB7KMV_tStE5iZ25P2zBMH2WGj63kTnzsN4v5nDxEnAXd3HxLXUE1_bflvpTxZzb2pMC5ZM1i8wcw2--XrZvijdY4OIimVc_pzb7i6J-ETnxvXlagOaU16129UZ_cvyqOuGJCauD4bpcBP-1WACJrLszcqdKGUqE7hPFkYYIJVV3jxVZmu72xW_chymOVJzDIa9VGKizvzBq4w9oL-h2IH13RB1-xylxhxPyLrasM7jo40E0zgklYS_MlfRkOYnPnPweAXjB-xs-G9-H6sI8OruoR0nD76rHqy-uGDex0gZZGFEF6Z3zwcOTQRRhe89xKEM1eKWXGyVKLe1xXNosA3DSp5jZenQhjJHMdAbjn51mIJLZ8Q7aVJqx_iWXTYrBuTE70sHbgA8W-Iq_QpMA0MrB6zyYXsughiIfOfp6nMvRyMvoS_J8xemfcBKzKMBdp8q3p1eu37g1TW0k20bgCz_Deo-7HzGaPXf-0blGqXjKTGvY94vlXCtpk_IurmTRbbfv0d6bweudfYVKGOSqpli5qGCJbDPXsFVLXQL1Wmnicegrk2dxdWvlYU2bXo5h2XNcHVDLG7Kzvru_7Ig-w3Z2bpX7hnEQ7j0PDn-k-pmo0HtdZdLgrX8EfJcLoVsR7YO6hLy_CTwA58CT9glIZXN2DbKlRoXVbjeoItogWWdgtJFbFMQbM7tA1KBPyjjSdh7jg==&xkcb=SoDx6_M3jAt9p9zCVh0CbzkdCdPP&camk=UoKtGZLa3XIpCAUMDxbk2A==&p=9&fvj=0&vjs=3
AI/ML Engineer,Optum,"Bengaluru, Karnataka",https://in.indeed.com/pagead/clk?mo=r&ad=-6NYlbfkN0BWpgndjYL01xMr26yTqLCDFb3b3BUdaEwmMV3w6lpNxfdb7iEvGm0gmfmM0o9B9H9azCCnJX2KMPy2k6sCC6wJZNKRTzjLpHgw8rH8Wmn3XzjudQILPYS5oFHub7d4I0O1-vHGubBXUNXBeTao5KeY8hHIsIdeAM9aHjw0jnyVu09_izGSCvQmSwyfRxZPuqB8sRQBLXEXFlBe1vseZZ_4lCvWb25SsSEtol7RInH7Uc43l3lb5OQ6eqBf8ZQcHsavEzrMVe_WTY4HCjmNHJRT6oZjhui6ElwFqyYvgpd_8Y9i8d4bKMMnPemlBxbJCoxV-eIIV62SniaR5tWMvxZSjlMXMR7o1Ma2TQjZxFjbk1TsHWQgcDYSN1kwRxA250TgXtjV4IlDsSMINMmOqXiT5NwZRGEB4ahIjyfgKtXFAPkLmP0Jw3nEV4woNNEOtHExbZsv8muwFI_pKOMOp_8C7XRIqc12-YpQ2spvJHQZoWfRUPZ6HI5MgaE8k-EIDWJoWY0ooZLSFSgHHeLBmlYXigxX4USDcA84SVtuGJllTi883lqJufb0wqxifwS-YqZlqs5SbYvrZN9SYZZbjowJevTX-xznSL9XznQOCtzutkNTjVPgwdVYSXhGY-GDNOGDvla9_L3JCbeHh4pbrWEBrhlNjgyhl67z_tm5cTDqUrBmM6iBUgUz0hpHnZ7ROSbKhAdy3FEZM6EqjEKAFJ5A4_FdzvuQIcssT20IQqcukW9cBUemPPQ7NiVGhlHgWT7Mrs2AC3GxNnCSWMd5o0UAJbLf3-F_mVOBSzmcJZs1Da190VcD6OXN0aDzeCjplyE=&xkcb=SoBs6_M3jAt9p9zCVh0BbzkdCdPP&camk=ethIe0s0hed5mhSVDYdqwA==&p=10&fvj=0&vjs=3
ML Platform Engineer,Optum,"Pune, Maharashtra",https://in.indeed.com/pagead/clk?mo=r&ad=-6NYlbfkN0BWpgndjYL01xMr26yTqLCDFb3b3BUdaEwmMV3w6lpNxfdb7iEvGm0gmfmM0o9B9H8sAQHaSDZOWq11ucAdr2DQJCw51HcadL3LS8DPfxrycfwm47_g57dwlnmeDsyH5xs6k4DY8gKdZdlQxojewl7Yzi7cnhXO6f4W-JBCd6wTne4UsEOpvrUuVueUUkBNBigtp6J4qVYIomX-vvy83QT9F2zGobl-f3BDb-ZNhdIZpBYb2njAZFN-z-Cnj5WlUJBnQRl32OW2F8bzY7CsGxHxNWOBzjBkFZ2lkQx-cfSTw_R0chcHRA1NvaSuC-BtOrRS_-1RzQzNTatJNmYMDcqfmA5gLthuqdSL98Q_VwGkl8-YK4mciNrvDSyiDLcL1LtW98M4RBxbWwVJBgum9m9ftLc7uxbobUcpj0ciMPb7EP3vAbs3_zXl88kl8FWJ_jiTnmw5vl3dmIZvAxcH5ag2NFhsTFkA8OwBRspmeQng9A0HxIDHIUdqQqBR0S5NqycIp8g5YbzvJYZDntAz_LC1Z5reHsNdT7TfsrUb-yfoZ0qXkzOku27Z7MSzxvvFkXSHrJdCkO8USzwguh1azOZH3104rTStEbG_yUo1pwXz-RJFmiG0D2ObDLbK2XQijTyIzBFztAERi7-XT7Dn-dpa309qhH9CRGSDS8McRyRi1z9_ZeCttrJkaLpjD-BoO0wVZMxPNe5MMr7SXoEZ6PlPLe3qKnrTBCjF4KhAqCgeGqXhSTN6iEW-hNf0DxLSSIAMXaO7pEu34vPZpNTWcxBK4_lLV2XRQLdN4OK5TFNR66ERmsmDlkIIIN9lg9bkr64=&xkcb=SoDY6_M3jAt9p9zCVh0AbzkdCdPP&camk=ethIe0s0hed5mhSVDYdqwA==&p=11&fvj=0&vjs=3
Software Engineer,Optum,"Noida, Uttar Pradesh",https://in.indeed.com/pagead/clk?mo=r&ad=-6NYlbfkN0BWpgndjYL01xMr26yTqLCDFb3b3BUdaEwmMV3w6lpNxfdb7iEvGm0gmfmM0o9B9H9-vYCdyBADKczUblegg9lxJaF7JK39_vuMyBIMJm4qE8hsDl6bECl7uCkySEzzbBE3UMT4siLhdvx9f1N_JzXhtcQ9GBLvxTZVlkk2U13LjSL-JkvpWmg2IrXCiP1oApl4mDMbnfVfsb6FjLmqsBX63D6ng7Cjv2cypID4jrtMXzzGAtOooQnrX3Xa_PgmaItz625P0igk6lOxvJXydbJfRAix6sgELS-GhWLnDhtQXOqlcHsKx20JlPLaATWNDWNS4EuKLSrPDbDcorOjQaKHu4vt5VMh2aBfUs4XCkv8st7rMrX3OVaqP1b08UlH6WMd6KaHnGgeSu3qB5TqXMWDicCtUoOjj2ve2PvtMPK9_YQJY9jgoi7UDak6z8-fFs2hw-VDctiK7nhCFYN-E30QlZXOyoR0y8bPEzN-0WhqKCUdJUresjauB9YUlEfk67yFV3s8stcbyiPraNgSZk9P-UMmuGizBA1DBEOUcA7iRqEIPKQ5ykbBcLM6EWJhkO8Hj_jIjQJN9j5TsdPiaZZwX8-OQhnRM_GhX776MOGsaIHewUbmFmRbOQbnDhF_-mjMJotgby8bU47Qals-1l1jaJPOGsw1aci-NxWEQiCvpJgXFT-6B3QGia_Iy5DhXJy1ifvdDmax-iP3AOS6Zif1_Ic4iAy7m5d4dz2Go3YRt2Wcv_m6bu3zZQPd_iIsZcRSUE6Dz0XQgHa82WOfLXHfMeZl8O6fIIT3hOyoOQsdFMWDa9tZPn6GRQQr-7FO6g4=&xkcb=SoBW6_M3jAt9p9zCVh0HbzkdCdPP&camk=ethIe0s0hed5mhSVDYdqwA==&p=12&fvj=0&vjs=3
Associate Software Engineer II,Optum,"Noida, Uttar Pradesh",https://in.indeed.com/pagead/clk?mo=r&ad=-6NYlbfkN0BWpgndjYL01xMr26yTqLCDFb3b3BUdaEwmMV3w6lpNxfdb7iEvGm0gmfmM0o9B9H9-vYCdyBADKYJ2XcAGaHOr1FF7kmZBCarKynACEG5Vg-TAEwXruiDkq6uzhx4b3dh4aQsZhAfsaiFGiJt17pfS6erItOWVkCy4oSoDGSD0MSAHxKrj0UQuwBUJNg1vSEE1LDeBTu6fdMVrDdR3ex7-PyQFfRhGvWBd4W0V9VH22ZVpNB4Kg7ZRL5x-gOrKfn4vuiKElwnOFoLmlRq0I0kp_ivmBv6qGedhpma5vwiPOCOYQliA5QArCftv5kz4GYIfwpzfg3z6NT-a5eX2JFK57763RMbImmtgRj8u9ZO4O5hwQmerwp5edaDWw_hscdN8Qa-idVutLjVmex0BaZDm7sdOSHG_Jm6c0T3fOjMkIgdYg_4uCTXK6oYTpZ0dUGoHFWhHmBtqdvBK4FYnhV3UkC42ThzlWFtWzFBZ-3i2FrkDewPUelr66jH6vTkQhNaRI6REigBVTK6uahruTe9XRdXfscvLH33SUF5x9mVVoAPXQfE2RoczDyEcY6TzqfvS5oI3ANjASbRhugjFK8OBKjg1d68W3a1YflUR2t-g804CPSYEKcgLYfpolUOdHTAA4sES_TxhlkoORJrCs93sH13MwExeWgMNZL71gOGlrL481CS4WuoHXSLTku0L_eEX8MC2d3aTvtxN9ixxX6k1WHep7jZkXGPhJeLKD3XfFUyZsf_LU83i0nK-7QfQrclBLxtUQ3nrLHGJhHrcuHbRzR_v122mj3EspV2Vye9trWKq2rl1sqcT8jUZvmMhtl8=&xkcb=SoDi6_M3jAt9p9zCVh0GbzkdCdPP&camk=ethIe0s0hed5mhSVDYdqwA==&p=13&fvj=0&vjs=3
Intern (Software engineer) - AI + Full stack,Predusk Technology pvt ltd,"Jaipur, Rajasthan",https://in.indeed.com/pagead/clk?mo=r&ad=-6NYlbfkN0B3y0WOBnphw4mS1PJyffQbsfBIMRgqO5cJdzwGZvf2FWTgjSJmMOMbYEiH2ZKvddm0MMirftnY3fjEoGEeIGI0ceiCDu91ZWZsx7VX-fiyS3cHH83xJvzFwnyLx-BKeIUIYlmkXjXwSLDwcKbBIH8YSgBZMkIgsWCnIdBlaD1Wknde3PVXhxht0jkXKaFe8bNkCHEpVj1b3NlhcfK77m_8npHS9m-AI4OlmuaJTCuyKl2OmE0zDA_FSpaP8kcD5Tvbm-QQbPQYVy5ZAcX53dHbRgashTD4A6MLjh-b6lDVNgzUPxEnBTrwsFzZZUwUrGfMFGipl-ei0MuGqIEBOa7yppECx8la3DQnwh3shP4fVyYh5zV2iFQVbJ9AUMWQveEISY8EgKp9-TIY48qhS-0oDE5izWpiYl1EWRSXsuZnRDvTBIGJsBXAXP9R7ouYHjXBOQygKliG0_39b9wpk1xTaknkSB3kpDD6rgBE_-Y3NNyAJEx6cecNF3YZDcHJhnD47h1bG45Ax0ujxE2AKactGfxrDG4jW5txhwk3-ooj9XL-qLn8GaxXsKw8syuM4e829Abp4_0_vIJT128O7HEpyxE4woyLKO15dnxwtZauAgfKLp8T_Qq17rdR6FXzuDWrb0JFvOZD835C6b2bb6Rnj6gKAV_mPudf6y6hzKYvIw9yesenVPKW7bcG_Kfg3K2vhQRI4Zp7yfyr29jOd16coy5bMUGA0_uRe7f2F_GQ2g==&xkcb=SoB_6_M3jAt9p9zCVh0FbzkdCdPP&camk=UoKtGZLa3XIOzL0aq2KEgw==&p=14&fvj=0&vjs=3
Data Analyst,EXL Service,"Gurugram, Haryana",https://in.indeed.com/rc/clk?jk=15ec733a94588e6b&bb=L6Hu6M8wypOrm9Tltg7klewO26t7FfudyQmpTFQz48TQebYSHyXlBG-FOeQzxatGshBSQ84P6RanQXRQDFAhMLNKqwA7VWuSr1KJxYjA6R5COplbmI42PV2YQe1XpgovDZLvpcN8vhraHcded7sYkQ%3D%3D&xkcb=SoD867M3jAt6V5gepj0LbzkdCdPP&fccid=b315edd2cc6dfcb8&vjs=3
Data Analyst - AI Trainer,DataAnnotation,"Remote in Mumbai, Maharashtra",https://in.indeed.com/pagead/clk?mo=r&ad=-6NYlbfkN0CnM4TERr6XuVBW3VTRACvDXDx9S3Pbn6a0SwhkmoLTiIZpxuUfjFtTLag-19gp2VTnaBQsgBaU__-Q3wAlaKZd3F_mbmv_XOVq-iv4YjjW4qgE8yqJKZ4ri9AsGKmGV8x3PMe-4jvzRVtbNgD5zgRTUa9KgV8UlcUxhPlvheXOiQc5ScyvR7V3FmwhqUzxGowGSdVORDe1wNS0rr1-oxDuTZu1kFft2bbN97SBLVpUfw8ygw2sOb2dBR2Bw49KqmB-94zNKTr-3QA7NZY6niNgr-kO_aal_QwHtlCivBP0PJXY2mFxlvfEo5LIwL1NqzWDIHbsvH9jar8C8Ao35MpzoNdlTOLSwU-C-WOfDucZPZt5r69q6PTd6NxlvrYoVTX5W-0aSsGIUEEg4qYuxSP_DOc0FPfhLVwId_iFG8hPLfLpka72zKVVETZ-x5rpkmUBAcFH9yLt3a3U912eTbqeJubd8bG5odf6DDF-U9S4TfGTGPvzh8v3ak2n5bCpPwVx2VYSmUJWYsoqmzCanXKM7juvaDszIz8O_IbspFx5fPCQXKQu9fwIzk4QXQ_uNo2nbRj0D1OndglrS_w3Hj0BlFipI9gaFHD2o6tovkTpKPGCYSluOsSIMF0PwCFzreNmctMCUlDHxueNzZNGkUYOUjq3-xkQU57zt_St25GLsOizg3-BbG3PHvY5N7JJrM8MZ0lFhUnsqZNl3sV517ByTZuQYmwZaxmEVY051AP_XH1YhAN70aMQZHgrb_pX2BxDQmHmzsP16DjOnUe9QsISkuE1HEUjCV-GshQPPB9pI3ysNejXBl90XRXMFBD9TdUKQ0KKCpndNG8EaEi7Os1kIGZ1GENksdalMU9Tx6hPTw==&xkcb=SoC86_M3jAt6V5gepj0KbzkdCdPP&camk=UoKtGZLa3XL1xyg-IyhIjw==&p=1&fvj=0&vjs=3
Bilingual Data Analyst - AI Trainer,DataAnnotation,"Remote in Jabalpur, Madhya Pradesh",https://in.indeed.com/pagead/clk?mo=r&ad=-6NYlbfkN0CnM4TERr6XuVBW3VTRACvDXDx9S3Pbn6a0SwhkmoLTiIZpxuUfjFtTLag-19gp2VTnaBQsgBaU_-tImXkB-yItbmgqXA26Gl8aDtqtBBhI3zz_tDcgdP9_qVNg4AWKTq24x1HysjRhI3CN-l_KZAvpwlf4m80zFCbosf6Uw4PFUXr6GGrWTD0RPJowFlsrV1MWFnSv-KuAa1QB7pb5pwAVABtqymU5ylHpTQeQ6BtmYcdMRsmjnL0IADVyaest48aipFAyR-H6s53sjLt5xol9CCG8wKAuWO7JfbjiFAWCEygI2VXAQmeT-dEpC_OPJ_5tomOQNnjNmb-fUIPZpmWwyHWr2JPbuOMqY_P-mk-6rSH7gFjNth1NATTsV5RXyzMGp_-BkVR0C9ptNUXVrgrachMpvx69tSEMsnkwujTSoHQIc_lWUntAWOy1k-NaDt-f3MB7HPyEm3IeENL9Ycr-1C4dlxjHQdZdDfURnN5qvOC1Tyt5quV4uq0fOuryEVEQnbcDqOEzdj_sIY9nwA7imxCMcPhdgTNg0STSWu1Nr73oZSQ0ov_EfVIEfXwO6t7qSL81nZGVQB6eCW2G9u2pIbVM0d8yRyL4-HGJA6jLX-rBmDRvFUB4IponOQKx68Sz0wruN0A5cWgvfSj_4vumnVfVdhXq-ZjujnPS3g6Cks8uDlMkalldZJW12gQiSbjtNAqeY1FvdmqZb1HFP6m6jFeOz7e3PtHJ1JN7onMpxRlH4R2Ip3mUr4ge1oiH0axYv30RKxXsCKcNF86yYf_ld0esUmUtpmSsYPv9DZiz3ocL8He4fZX-tXxhK2XFmX5cbsIumfYw-AsOj30GtTNQAUHEdiA5-azPzE_zaJlPkunlJnva-11q&xkcb=SoAh6_M3jAt6V5gepj0JbzkdCdPP&camk=UoKtGZLa3XL1xyg-IyhIjw==&p=2&fvj=0&vjs=3
Data Engineer - X Delivery,Boston Consulting Group,"Gurugram, Haryana",https://in.indeed.com/pagead/clk?mo=r&ad=-6NYlbfkN0Ad1FFWZOsBBwBZDGouyCcICeLSd3pQct3wJ1q5dPO7JNFPcbpYQ1XCYdTOV-ko2T57wlnQKHsRLP7P7BDYnxuJ3YoleXL9Cx1xL2MIF5_jcaKBnnzI6gbA2EDK_URH6tGCCIecFq2Z-L3IJbvbsKbWQMscVALTj6H3wU-EK0IjATigeiIEGlV5CEy6ViWsd0xQjP1tRp_aZpsZHGmM2PxzRh0627UYcdpGcA5f_evfXs2QKYv2QC4yJP5YvhJKi4cElUZLLv38CKIGdg5btoljufs6plMAwQ0jg5M9f-aA7jqtyinIqwpH_bILM9dz5tmxs8fqeU4bufqOabTyXoE8iZCs7D9AhXvj-f5CkYP46RzbIt0zX9kYkWcn8OBdMgBifGZvbviMZ7JOZ-VZU3Rj2jwANAqMEt8FfZH2v1_Fbch9oyvS9rS50PQ0K2MaQHnx9FSR6QEcr1ILtGz8aDYQ0HtmviywZ_8YK1GUp9KFGA7IGs1MigDHozvKjohR4C3MRov9_K46TWV5WXbgPElKJzPvwMoFSZpopmWAaMIrkiL5IBGo_3w5ntIDmKbY227W1aGBcRonsoFfeQbc6_qb1dTj1Vn6qcQzJJXBgpc-TGPNgNjd5LGoshADB3Y1kC36svlihZbOyOkv8hsYznUNk1Q7wGMQYWTTVHZKKzVAs7nht2QQhOe59ixJkfq56dEKPLvQ0kKllChfWgNhLtzm1idn_Wb20jIYjO-v5q3X-PRdzNW3HjSrGv9m0aPh2mMR7JitqCckaQXPi6niqD-NjhVh2v4nWKLZEX4tKzh5Z38wPmnDgz6XjJilieEoYv_tRN6BYUgvxnZ5oQig2rmQ54rquIu_hSq5HaiSimOXpUg3i46Egd5Wpnf7gJ9VkyOgGQAbyYSzxybTDLzWE32QPMAebt4i4ffrEhCJIhivkBRYG2-nEeSXzFwAzvAbXw6Jy2E-qIiivv_37DNnKg5P_lDUnzFyPwChwD5QqlyAbTNmxZ578ZrKB17JMuZP6NIPOo3pcBBcwU4SqvNbeH0BLUOLGxRzlKMMByMvpuB6LAjlGrh8TeKKqIY7WMRGjMZPJaPtK73Jegx9k7WV1ZXZP3Zwukjw5HdHNMFAvgD0zgy8Tup8mU7iZ2NA0bA2mQE5jhCl57bXRAljf-GjpYWYqmdG9sgDQJ1N83VwlghCdpi0xJ7Tm_Web39NC2-YzIYotNdhU4sSPtV29CuhjZ-N33gvhPVKmKhUkR5pUO1Eu1TPAbxkm7p6cyTmM-5-DM0CYtRKOdiWHSFpZbOyN1RsAWXHK9rytKltus1ChQ1K8tXzWj_I7Z4fEfOspyZ5IZoXQ9aWuvRA0TGdCUvPNRMb9fwIA8qQWNSTe-4Z-T6rMG1x6FBRYBrUdn0yerDIt_g=&xkcb=SoCV6_M3jAt6V5gepj0IbzkdCdPP&camk=C3EPSzFlQw-Kxz8aVjN35w==&p=3&fvj=0&vjs=3
Data Engineering Analyst,Optum,"Chennai, Tamil Nadu",https://in.indeed.com/pagead/clk?mo=r&ad=-6NYlbfkN0BWpgndjYL01xMr26yTqLCDFb3b3BUdaEwmMV3w6lpNxfdb7iEvGm0gmfmM0o9B9H9-vYCdyBADKfc9YFdTXOP7bLPTkI1oDRoT02W_LRthBkZf2NcBhnV9Swpo6CjLfYuJEfIWQEdvDRzKPpLUV6evHl4_9RDA-G1h0N-G0m88r7JYolEbzDbiugVOEdviNL2A8DhHKVx5FKnRQgRfht2kb3FVJRTd4BEjGBaOJs8qnwYdsQk33-n1qwOXP8ELXArKC9iLfTcPz5B_FWZ4Umk5oLdKkQ5GWqBD6qBm6rhE8kEOmhK-XwghkSRmRQmrNNFznTI3lbKLkCv4rTWjJn_1arvbysy_0pKx5pJRwDPx4R1u2N4Crbry3DxCEP_i843jIW92nejgWr3bBIxjfG12vGJfbqATYgG4kRXapnyBy4ly_OfBYhMWL8omeuPLWmE4PH4fpP9sfU-nmCj9tsoXxIJGwboGAuKoRDiErRWa97SLuF3AgL3Tu70EtRUwtHm38-KrdJEdYGfY4eKA3aZ4-Nu9tIQHDon7Z4YbXQQuoCF7MDfuF8Wh0PPjaHDcpaVZy1N8nrwa-mhhQVXJdanwoH7mvt1QN8lcIcdnVfm-fMNdSprHG5pXlzbWl6t-l4Mx-oH-U0FnAIKFc8QGkJOl7ELeP4w94g6tz9Exbo4U0fDX8girT3KZHclMG6LHyUan8zb5-9A-PFp94alxt0B2nyi1HUhk5uv8QltCv3zPvDOUM_rYSmxhP1CNgdCaCaARlzrMILbfCkKQ8T7EPCPbNaHxbtQcqZ2ML-3EGubYdA==&xkcb=SoAb6_M3jAt6V5gepj0PbzkdCdPP&camk=ethIe0s0hed5mhSVDYdqwA==&p=4&fvj=0&vjs=3
BI&A Analyst,Boston Consulting Group,"Gurugram, Haryana",https://in.indeed.com/pagead/clk?mo=r&ad=-6NYlbfkN0Ad1FFWZOsBBwBZDGouyCcICeLSd3pQct3wJ1q5dPO7JNFPcbpYQ1XCAHtAAJhKZCb9ay0NBADHjPv76jNBZtL3ebVohDJeDxwlMWiJQmJD3GBIugS47gJcW4am5BkfexgvzB671w-VKFEyzyJhADavBw9vuozy51hwC4VVEHyH7bl2o06KOmu2kC3rRC8yuT7i-9K5caq1zfciQqySbGlaWcIy2b9unbCkz0oSu8MTYhcgLz3pAX6XZuzoeNNVkhuHMwCkdXD_3rj3bRbUfbyxTu3IetvUmq7KvJ_XTzuPdeit0r0CIzhzIlqKUDV87WCBGFntPR9Ot51WYeD4uRuVbUaK4feGE6s87Ki3byaxoFGgIWSsBa6Li4MMvrLNsSlFuoEJl8mFeD_YXsRHp_rzGJa-axaeOyRzgeIa3Z2bQUUBxUBsNkhA8fXidtgDUaJZb9HxMW_bH34ElZA_E6HOa8gOxUJ1OWGHiTFMqxmZMxO7AxuGlIDjRbf82HJ9oqrdpZ56RR82jWz7V6_UaDPudNsULkzzvA8x3NKiBeGDt-mghCs7SPhviQhQcSJQ8vVTyyPEI8kophnJDdSZ7eYjzIPpo1OagmdKVHjx2zY_-StkYnPanwEY1IDJ0aeSBOR9Acc_XxFpH_b0nQkAqSJ8cLh-iORWW0DT7XKxOPYy2t7SuX5WZ-cHaXUJMEjgZ5_KPPywd_KI_jGtR_rXJvmSwKEodIfzjhkXEQUgOVPe9lQXL-zg_dU7tnzNsU5mSpp14IdNc6vLIt-x4C-La21LCkGwmYADm_i6Z76jgtka7k4UVivWSpF-5745mwf0rHktb-_8e3eAlsRsk_mmFLfZMvWHhbswqeKgjBN76FWfi9J_Byk76a8JNUrtbbZ4NY9VnMkKkHqTShW5eURH3Ra0OdrQUjSrfRsZdPQgEJccUO7WN-hjD7tA4Q0KqVslBSSB0E1AoYy9e4oAFAtR5eJNaeENfjaCdRf0bWWBGiXGwb7uiPBt5exrnFAdkWHFJz8t8PxVtVm2Antf-6Mj2m9CEF82hTc1ZfswZYTqPiu560IKnNJzMfI6au0w_Y7lxF-6MPHKXNpmUDEp_-nk4LkX2qbzRS8QRC96RU7LyIKA03H8xUIgcftSScQo8odMNecYa-GfwOG7x0f75REAEPDW4I79eo4gJsCkaaJYMHbaipHGtKpOqwDHQD-KnfOwoMc=&xkcb=SoCv6_M3jAt6V5gepj0ObzkdCdPP&camk=C3EPSzFlQw_yEGK4nS0jOw==&p=5&fvj=0&vjs=3
"Data Analyst - SQL, Tableau, Visio, Snowflake, DataStage (SG 25, 26, 27, 28)",Optum,"Hyderabad, Telangana",https://in.indeed.com/pagead/clk?mo=r&ad=-6NYlbfkN0BWpgndjYL01xMr26yTqLCDFb3b3BUdaEwmMV3w6lpNxfdb7iEvGm0gmfmM0o9B9H9azCCnJX2KMHrsbJyjHmMevR2JsIXIRdoGUOYV0tsngHP7SB_wgfXdoFuGQzFCGOcjIr5YitM3ktc5jjo4MCl7-B6RmBkgJ2tPoDgMgZjCDFzgEeMwFg6GbAHVofj6PtZo4Lgqpx_JxD-X7EBZZvcLYYe7s83MyWzzHMi673MvjdfmMHdeU3HG3RMix5vqHrPi_FDs21Cbv07aW9Kngbr0mukAXji559mJ3BLQ2PRWG1Pm_JTlxaB3THSAR4701ysTzYysPzGOmDRBL7U7ErsTMIXiHs4CBmrs7TTlaD80K5S1eObyFaUMMWKhPIIG51lplop8OSRxVWfv6E3IzUaOZlR4zpQiMASibcaD4EtsrpdW0MkFtD9aMTaijk8V7LHwwURPMP1nYTgjPZ7wINASgSLPkNi_OkYf9905tfoTr0i6wmWw1cWhopIYc-xiIe7NWQtRz6xeP8ULyM8oI9skOXT5qwBMZzOyHBi0Z3DkkqiVMJfQQE1OerVTOQxcIfeWL-SFNFzW869wpndYP9gp3Z3APzFIjiPHPGr0O0VbsU9pacxvk45sBotPwejrCDQJEEJ5kD1WHoaN-R-pdreNshiIqLIJexR4GapUT7b06tIreCCTL_goATuiOAb9Xo35xVOriZvPWGnIwc7gY0b73N5-ZMbyDIIa8OmCwdeeOIRMg3UyBUG7m-aVdFBWqmjtYlRqub7QAKueNxy4v-ypFp2bJPbT4h9W1GM8EIMflA==&xkcb=SoAy6_M3jAt6V5gepj0NbzkdCdPP&camk=ethIe0s0hed5mhSVDYdqwA==&p=6&fvj=0&vjs=3
"Analyst, Geo Analytics, India - X Delivery",Boston Consulting Group,"Bengaluru, Karnataka",https://in.indeed.com/pagead/clk?mo=r&ad=-6NYlbfkN0Ad1FFWZOsBBwBZDGouyCcICeLSd3pQct3wJ1q5dPO7JNFPcbpYQ1XCYdTOV-ko2T5DcrUamP2zS3MZyVSQIoBnA4nHIPuszD-lTCRNXvM_eH6t5Gw_vjDTyTLRx1XVTdHEJz-tRybBukvNfd1sHqTcbRHIzvwCXpQQfHZs-OSdJgIIozekxiWFW8sIm5PWqHxj2fV0fpNAkC92ODXQnz8p8377QAaPFfkllOgS8MEqbGbOMC5QiSBKlMjtd9AX3I5MKt8oNrrfvXlr4rREi_GRjTCvO1JvLQdLRcGv7jmGuHXKK4WMcqrbUErGTrD0GVzatpjEtLrpMRU0hwx5MI1eR15Z-91uvK62iu9p7kRugUOX5Q91BQ96M86V72Q2Yyjq43gJWtAvYSzzKD4mKDa-7gpwfdA3iFahab3bAz7XqW9-xa1s1DQAdM5h3KJNpRLufxT-ZhdqAL-F9UrTUfGTau5gSrgpGHsZffaepHScArLVBv6pjyvDCa9AXZE3G7pprD_zCd3i84o9l0iCcVK1Lqih7-k6svvutZq9IWsEGSIa3XECsvPu9nrgvYioNEhtC2OdQ_duT0r8gs12pIh7BG1i8ZJVovVr2Cj40k2MmxJvJ_Q8WsLyq59IoTI-M2ejwcEnpdlGT_YjJqAIJbJ6Z-BfQOtaGJIE2tSCmRphuReMt9vRjJDYikmNXA12mIfKmbI51Lccft2pcfjsQjIPjLp9zEZNxo2BEolpUvaTL91djPatTpA3DqqWdO_nKZTrM7H5fq--uf2R0uRDnTVGiPM_8IH2w3or7bNhe4Ew5RO0hwmWudpOh8TKu64O03HZKIUnY_Su3-iUMV_bVDSqPUwSVp-QWohbS5FrOFKoqmop6j9ZQqkeOVvZxCLuGgbvUZnKKAb8sXjuUJKR0KZwHDhE7JYheUPNDpz4ud-8U8KplNkMqfmuzck_cIeD6IFFKLTHy2eo3E5P6adMOip_jgRRsB3Zu0C2NnQZirWf11bt_i-8HOtD4i_N092HSXCDyIjVwcd2YpnFvUsgtqzwyf9TWR_cP1bO-4QSW0MbkPTjBchhs2ylVfrrxXFGuaqgJqoR-2GSshSCd13BQR4PT-DplH8oLHGFRTyEXH7_3oX-BWTk9EX6J86WlNkSCdJnHHGemyLkccpVsn_BkOuerBz5azeqLmd55ubRjolxrmsaljg9MpqyOSFFb8MDw4oNvTdqP93WX_dlILuVYVrumlQIlR_bQQZfGb33OthbPdGGAH0EB4VsGYU-EHQWXB1sHfe1Hu4FIeluxP9J9ycHlWKkF6jEMn9esTAZNhEog5B5V2mPDPBPrLnzbL2qHZXTbFIoQqYW4IGSUvPl2QDGnFwzYOOAPVA8gfOjeMz1nMEP5mp_sJNBipjMOrRkec3Pi9_kyGTOebiRUC309IlJz7_nLLLi6Xw=&xkcb=SoCG6_M3jAt6V5gepj0MbzkdCdPP&camk=C3EPSzFlQw-Kxz8aVjN35w==&p=7&fvj=0&vjs=3
"Analyst, Geo Analytics, India - X Delivery",Boston Consulting Group,"Gurugram, Haryana",https://in.indeed.com/pagead/clk?mo=r&ad=-6NYlbfkN0Ad1FFWZOsBBwBZDGouyCcICeLSd3pQct3wJ1q5dPO7JNFPcbpYQ1XCYdTOV-ko2T5DcrUamP2zS0TvwEPKU3jzcPaHfkOzJzDNXVg5Kk3UjAAAK1p1RwvQpTudLyvZnIADOD0ewWopzzXCahuFxxotBvkqLmZHUukWUhGLBXd7yLvHpCkBc_-arUfqucZ2ZHNLOwNgAhoCOF9Tf5tavGx_zB9IdVeGjgJqvuCNak0NEc8u8eSYHCAfYVLiJQGLLkqdzwfRnl3Ivqf6zKec8bWLzte8Ag-S_MBv336RQdubzq9m8HarnRG3yZl9Of04Xg5ZIeaOMVr0GLrvLhyUALuKnkb2n_nTXRiSYS2XK11khOcLxNjFBt8zo4xn86Tfq43cwUke--JCcg5m_h8kgpeXfCcKecd96llR7k8j0OZHajMZgpEqyNDE_NNj2nCDojTF31PmvLi5tbskTO_f-ttmE5HGbJJqLzUx5O9WJ6DElsPupCIVNSE5y8aldRrySXo4SywplBCeB2-cy1yO6kIkl37I5G1qrMWrtVSypko3TWinuo-jV7ZILkWnpFzzT2WMY68wovhK0to4_B6gJ6aA45BVLJdIeYyQXknNFi23GasZHZu1fGhABsD86fgGasyq6Qy-JhKpsG5Q26TBsDZkhzFcQVVAFl4pHYtG5TP7fVpNDpuHEByGp9VwDbPAMmKlUMl8iQ35eZscifFBTMzjQTpRMZGlN2MBra4q6SoAZ22W3z7C0jSY1aizbOZAVFMlL1jbUiaMc_i-7pe79GtwrnBWuiqidroxl6O520j8bz2MOXRSj4Vg1CbxjsUxYtLbZKBPzMZdSnZRAabLDOPttsR42fjD721z7xPHhLO0X1pISK5oCUh27ySjamcpr5B5uEqKIi3vVi2sdHn1ZDckj0eUviyAyCd701SZrhA21hdpI3Eaa_XRPjrQnTJy3IR9p0e4xfsvXEPBg-koqkqt84b1pIdGTUdzUmewwtaGoTV-ecBNWpcl5ophHth4bIJ8-2z0-DbVf0GJesnjMfFM8iSOiCIV8JzAB4KYI1G9HfWVbHhfVo-2DKldz2YiH_Mu8pxbuDXPYUPI3zBOsDlb0Bf4K2YN_uvWi76TP9yGHctw_M0XaoW3OeXop_XGNV1ZWjE6Uq5OYNIcquDcnEq8Ygq8-muoLXhjuigqH0F_DG11Ee7PuDt60A_sVwl4x89NgbSF9Bwa3Z_NxckX4KFd75fi1tToodpoBDoR1-JqFxkiz3p_Jfv4l6e2jCDtjOvp32QZncUHNRAwMi0Q_yFb2CZvEvha0bQqm_A7H77uW-38bxh1rqC5Uvpuhxgwa55KAPGSiWPCuJGPb0KzOgCsPJPRVP-IGbj9_zvfXW6n4z-8ks5HM2ij2ql89w3oZGhnqgtf_aoVRDzDo5uJVUc9&xkcb=SoBv6_M3jAt6V5gepj0DbzkdCdPP&camk=C3EPSzFlQw-Kxz8aVjN35w==&p=8&fvj=0&vjs=3
Data Engineering Analyst,Optum,"Noida, Uttar Pradesh",https://in.indeed.com/pagead/clk?mo=r&ad=-6NYlbfkN0BWpgndjYL01xMr26yTqLCDFb3b3BUdaEwmMV3w6lpNxfdb7iEvGm0gmfmM0o9B9H-2gDqUDz3f1iL-KlPVw5iew-qhYCg4NvnnkvgYTJr9CikaN9J90z76_SThnaMIkKjG9b6PvwJltIEPRrNRmtN_4c_4326KVzc90RPVb-YbuKwjCQuFeGkR3BBx_qojQT87Jw1YHWgnbjxJHeDsMiCmWsJ9gEdQ9xxg2VsUn7pZkZEDUmxTPffojqD0BiKzqlpE9-3p6uzM_IihidVPTxxaofEPMefVE-3gToM4Dbobvk653D1dJkKF5_zDtwRwwswbTjyM_mSiXDkiRtd1rBkPyIGyqOWyaHGZd_pS-u_UibfXRLCNLf1ldVtWcb9u0ADO0qSpUWtuQggcuYKWjdbUdLzU0E8iYbTDQg7PnUInUPomDlvECA-kDWsdx8VvVaLq1rLaODqmigd9xV3muTzj6RL7uMWfmfNObZQseixOzQh5KWIraPS1BjEpYFfF2_yRXchzflr0JgZ4bzDekkP3SUqHnwSbkuPj8o5psy9nlOkvhXQ3pSjHR-pT7rW9VAvLzAJwBJUctKD6dfhFAreZuyr6L8XR8WlU58zvswcIhSJw36p1HIUh1ijfBAg2htn9yXGUFsqySzh1wGDhs6j-yWoaBNl7pzPvgv8nu1GSNylbw8FEp6Wz5s7uSRWgvKrmEDJtK_jhNBJiiUiPGqVl8-M8JeO0Eo6o5XH2dpMfGx-sHuJnE7I0bnaajQtgXfr29nu9N36z3bd9DXuXohE5XUSBkaApPJWWLYiN4z1yCw==&xkcb=SoDb6_M3jAt6V5gepj0CbzkdCdPP&camk=ethIe0s0hed5mhSVDYdqwA==&p=9&fvj=0&vjs=3
BI&A Analyst,Boston Consulting Group,"Gurugram, Haryana",https://in.indeed.com/pagead/clk?mo=r&ad=-6NYlbfkN0Ad1FFWZOsBBwBZDGouyCcICeLSd3pQct3wJ1q5dPO7JNFPcbpYQ1XC5RAnUtXyeXE5WF1nNn-RzTgn31f-_rEeMOcBdGNip-vctutSS2mrf3ivzyjuW1F-1Zx6UVMkD_Y172H5e-AOuQyMniLzL8SL-tRNAhaDE2sTzZAD7rY1S_hCMzEEsd33u_7PMsJA3Er-BVAkexxTFtAB5XUsGq2OaKQxvvllDnBzsRfJsTppeKQLJYciegnqdxgbG_XPiyPObk0_iRHhUdSWkL0vTEAPE-FGah5TXU2FotjhBoo2XmsWkcK0ctOYkrsUrZNEHLbal97tAavCVYrRIlVs0APSvDCTuONNOrxqo1JOwJbzC3AtiCEtTL0k5pnB7OClRuuSLA8d0ae8VQvoXTsk4VQ1ZsgeqP7zE_eiqjSbkxnelA8IVtyutl9ZkA_FCqNXSUbpwLaMCHAKDovmUXV9pYhzBOYe-96NzYtFuRZ5hPiN2a-wjrx2qFbWMpThQYbIKGstKjRIBruGtQY5Xu3bjkJciGnZiJXR-8G2dA9GMG4nBZeINg8RY8G_V7WNNqVR6em7NU5bNczRjGi-YnWjH8nj6IxEs3-OL0KgL6u8B5JfRMyBmLBXd2cyuBkUth6HX6LoBVSZdl1-vqua046FUz8mWxvJAqf51Ju4tlcD78or263I2HI-0zGmaEwx-lW5lhzNP_K_Uu9lxR8vragjIeXFSb2RGjyxTD6r4m75B2HFIWNmcti7qfazdM4Il7SxuVjHlCtkUGMN-9ek63yyi-6f3wJC98ZJ3CjGfwc1QdFruFrvrpy8468SbE0V8ZCVu9428OEew4LEB_D7nGaJsiTVaA7Np_WRsUKypKHwaG2kWyPS3_dpYsu8z6aEuy-L6PCnH-n820W_reH5AJWzjxSqTwFK-8YiSTuKsuWFAI-TsK_NhsdOs2l_jgPtxfsgpZYpV4HNL6VYioMAqHdQqzd8n658psjqhIb_VthhzV6A1X65tQkxmJLSa2g_0MyYZScFFbwWxu_wLWhXK4hP0cKJMpIssKpMtR6zNmyRH2NTuEczhPl25IyynZ4cZx_xRVY7lRIGPpHxv4Pc8etRMWcmDc_4xriblnDbjNQtGw6uSZJ7pnhRZiyHZ9FGeLYaDS9spv4NNaoCmJFxuorzF6W8YGyiZ-Ch0E8emWZfbHyvU9BK-Iw-Si4aShJz4SsnyuVvy0wsLipAqpOtQguzft2cjetOid1Y6U9xHrEwJq8MS5JMdc0Zr5NYCZWaSaybOjzJpvJIwOvwtja7FjfTAmmUWwAEbNxmO4iUjyWS3n1omHFtfk-fa2n3F107zLWzqVJMFfxJds9qCyMW-Cbaacj0lsZNAfQKoUCaPfg_yf6ahg==&xkcb=SoBG6_M3jAt6V5gepj0BbzkdCdPP&camk=C3EPSzFlQw8VN_uriDqgwg==&p=10&fvj=0&vjs=3
Databricks Data Engineer,Optum,"Bengaluru, Karnataka",https://in.indeed.com/pagead/clk?mo=r&ad=-6NYlbfkN0BWpgndjYL01xMr26yTqLCDFb3b3BUdaEwmMV3w6lpNxfdb7iEvGm0gmfmM0o9B9H9-vYCdyBADKXTsdLB5oujns_NX-8seANSigvCCTrBVlNDQx8BDYHeD-wbPxYjpd5J-gAEXSKjRxFuA2EzU5YP-52oXvYUV7_joQdTix1KRWixXdXxksEVvCMK6_NCi2CZuRnj7NtxDaybHC_cNfgXbI7tQf0BFnjYjT918dmfZqOXhEbU0Zk0J3g_m00NA32MxzAxnofwkeOUZ-RyFWUKPj0nqscBKZQwqxolHDHdlUmdFQuXJd9GlSiecO2EImV96eTbi4i5WyatWME9uFc2tirD3wixQSTf_HROvMnaFVcbCOJblxWwsrt7BVs-P6fbB27PD6WSruTQuzUFYuJBQLithK0UDZSdVjqDBL_5FtW1FaFhKTso9J0mERw7YUgxRP3G7y_tVzhdr-iXeDc1wnKGPmo_ok_71bEhyCl0rWQpGHHNVfYltQiV-Bg68KySmGxRanX6o6iM7a4vZYkhwjrjRQyJWkJO6I_Ubh5wYsahLl4dWJrBFuxBuMT5QFdh1tfiSbwL5spq6y-pCMIXMOjUVFOiD1zx3uS342EQ1Z4txy2cnyGIxea_80Bvo7NLEQP8NTEDBdt1ezk11JwlryChY_1Jih0eJ86upO4k99uTR_4jhQNkiVwxwA9WjFwiwF2Ho0hVtHQdcKkzxjlEraOVmHm8qdP1d72zL-PyCxfoff6anU3hMHaD_VTeF9gyOWkZ2xxILKtOU4Z_0IMQfRL5oSQZw1wKCX-oiAuhwWA==&xkcb=SoDy6_M3jAt6V5gepj0AbzkdCdPP&camk=ethIe0s0hed5mhSVDYdqwA==&p=11&fvj=0&vjs=3
Databricks Data Engineer,Optum,"Bengaluru, Karnataka",https://in.indeed.com/viewjob?jk=0f1e2d3c4b5a6978
Data Engineering,Optum,"Bengaluru, Karnataka",https://in.indeed.com/pagead/clk?mo=r&ad=-6NYlbfkN0BWpgndjYL01xMr26yTqLCDFb3b3BUdaEwmMV3w6lpNxfdb7iEvGm0gmfmM0o9B9H-NvF_WqfM09VVVovWfy2Y3IrAftAOnOZZxuHvlx3BJHeYe3NPjdXxRylXLdpzoS-MHwE7O8DSVgMPSHh6zc4gYaAjZT_0tQyHle6VWTuNi2UZkBA1JAguO8m9HVhtTvOL6h73OO_HrBXRaQxjb33eN4OkG0C2K9YzshcNafj3aJr3BaZHbQok16N1NusJfsfVigB1ysORYGF7TP4Ygt7Y6cmHWqqabuQ9-kkLJw1xTSTaZzVX3hrFgwIZ6EeOdzpyCZaCalIB_HtPjY7k4KY0fTHrNYT337iG-5kFFTpTqditkkyGr1J9ewJmJXhpyIVd5e5vIgIaAOKKA6UooKwQ_l_soPASHpWJ5DVHo5vTwGA9FJkENefO36QHJGvX2Kwv71lnuR9BhRiMPQ9V-2pQ6I-R1wi-b-jJJlWS8Rl4s2n42TNcdrZiJrPr_yXs6xnwaU_v_-KoR1yNZ2ySL_3zpk4-cfcux3b8URozBH9ZVUQdU2HwHN74_VdCJ2MbMePdwzDF0rsc-cJYOdQx3zVni2hxhBBLtKAu_MCwRryWGsA_h4goQBzWpUL98KkD1o7zm6gaCfb3biY4hJ4Qmvm6Dp_MM8ZA0sbajPlOb-T307WKHyQ4qNb7LC2sd7YZ2PQWZqk5fvy5hoaH5953O_0Y3EAnRKwZEq0k-2buB0Tilokni3gqbE30ns9ia4T0hMKz1lRfj3hW8vqfPW36tJZTyQiaD9xBcJEpZbrEnR6TMtw==&xkcb=SoB86_M3jAt6V5gepj0HbzkdCdPP&camk=ethIe0s0hed5mhSVDYdqwA==&p=12&fvj=0&vjs=3
Data Engineer - EMEA Data & Analytics,Kenvue,"Hybrid work in Bengaluru, Karnataka",https://in.indeed.com/pagead/clk?mo=r&ad=-6NYlbfkN0AnH6HNl3qg0QQoMtxRKZBdeOxG4LsryWJUV6u4ORaRKqUckZGVeOJzLn0Eg6o8XYI0hVg-_8OxkUp-ja1iL2bwBu4z-K1yF1MCglep1Vz7uuXK0TA8yW0uXFpgYvXDwBLqhExhsWWOoigB2_LC3J4C33w0A80fJsN-dPGmYMl3fnR_jfuKtfaVZ-eL7HS39LY4yMaJUfrHX9humaHStFeytWCsLgeUnXEWuJS2t6nbk7tvjMq-l7ZP8G4vPewVrnuBOkubTC1L68eHrQDredgB_HcUaZdNygY3b07fVkyQXtUzcKhcTQwqxX7_yYC7p-ylwk5v_sKUhJ6y-JR4VMRTxc2WJEE-0TMNkSA51cyAlWCHX4DcCJsm3rTY6M_c9SucLvYCE3nlSQIpfEmOGvPfG_C_uV1FJk4hxxo5Bh8PwD7qnOYLxGzKAH2UpcpvCQCByrcdVgSb6t_AHCTDlUk7AGZfHhAo8_-HfUzhCu8BcoPeA2wF8R8x5ZpGX52cdbwMe1WEa6T0AUyH2tGg2BzmjVQu7oCTeKvwcTQ1u1lbvv9843Rj_wpg3jBfH1kj5tdVZVrPh3yx4dmp9mjgxXkACpDhH6aghWnjrWO36lgapduJpLzmet6fwYhvxXkvPPD478VlG-JHp0Q0n2vGuLeo5k5Woi9Ofdca2FC3LeajMec_WBwWkCn2OQ1V8C53_xMnfm8gvhXlXlTJJMZp2P6QK4u6S0CMzAuTgQUtCah_pZNT9sK-jEHt7vkE7_KMmWz7XKLkGwszO4dnH_9ij97Rqz1lUSebKBr3fJDtckwAkmIBDeXh8HcTHKb_PF0m_5u8xSUZTg51iwiqI5iNb2q3p44UV6tSZlo=&xkcb=SoDI6_M3jAt6V5gepj0GbzkdCdPP&camk=C3EPSzFlQw-Qts97afg0Vw==&p=13&fvj=0&vjs=3
Senior Data Engineering Analyst,Optum,"Noida, Uttar Pradesh",https://in.indeed.com/pagead/clk?mo=r&ad=-6NYlbfkN0BWpgndjYL01xMr26yTqLCDFb3b3BUdaEwmMV3w6lpNxfdb7iEvGm0gmfmM0o9B9H-1wG7EMNbbFUp3Hvdid_5AGX8XplSrnVCMqF97VS9mNOHEdxsN_XJzmk9tsx8VFgJ3nB8lxLzyEhfDcY7iNYHI2F-8eZ8i-PxfSIZr1pO33OMezlrNKQ_301NE0v-4QB7BxdABKMODVfPP9bxKShn1sWb-u3sjiGkIlEFJ_KIx3k_K_7ien8GVt4F2M3K7LMKqQh4whjFCjYymtBnKeJqD7ulA9J2sTxiWs9qv5ghHoCPq4AfLKvsTNIp0GAeyHxOXLAone9nK8H83E2uNrm11X0ox2_d9822JVMBFupAUsACgzx1wHqdDlUiEIVmigV0vjIh2ckX_iWwVDFNOPZoWYDzpwSuxv0rtAWz8bmH8JIRLbvMi4tzpp850GXTsinP5p3X8XVfLEGBmGqkl8PGGyYHTIp79jw0Bh9X4VA7uowZqqRJp3MhHXK4wAaOv8UdqG4yE3LbQXsq51x4_gupinIBQdCQhPDSnq7pLl9hjTFhin1b7sa6UTf6QzepT_9_ijhFtbS3QLsTjIdWUwMnV4Gvscf3wHuysA2hPoGDk0_F2vOk62Kkl-nK3L4pILx9H0LzN_0rUKdNuVNyXcJGx_Z41ToKqkb-lj_U9dRvaPBiqlahQQdTGl7poUFfmxCuHYRS6MyNF94R32bzey7hJccNrUDmRWt2TzPwaTc9eg39huHIWejsitThm8EMZhcqmc9ebfdTRNsN362eenpZ9wxoXDPieFCSIrWMAZ_Wrww==&xkcb=SoBV6_M3jAt6V5gepj0FbzkdCdPP&camk=ethIe0s0hed5mhSVDYdqwA==&p=14&fvj=0&vjs=3
Tcs is hiring for Python Developer,Tata Consultancy Services,"Bengaluru, Karnataka",https://in.indeed.com/rc/clk?jk=da34f2ece5b8e868&bb=-FPsCK7Euvkt2uCQ6vTYBokGk6yd3HCUY3SaZpY_HQjq4S4k5LdrefHWS3A-km8JVEGPmLBVQmvmZQ9MQMbcWAmbiktPLznHS5BYXX5LpMXjMEJmgkQWsypiSL-lkkaaBo7YYorfKiwbw4EjuMgPQA%3D%3D&xkcb=SoAQ67M3jAt3V4TCU50LbzkdCdPP&fccid=d9b9208177142548&vjs=3
Python Developer,IMPRONICS DIGITECH PRIVATE LIMITED,"Unknown, Haryana",https://in.indeed.com/rc/clk?jk=7eaf35d626de4f1a&bb=-FPsCK7Euvkt2uCQ6vTYBpQrx3UKgtVz7HxTAtQX_cQhoUsQJTW0MEYmErRlQQ9MN73yTn89mC0T40lQ1Uo4wo6wvPNnprGJ--A20blJF6pDr6XpS3Vbixl6f1F3JPHr6mKkb2C3EPg7KvF8vEcUOw%3D%3D&xkcb=SoCk67M3jAt3V4TCU50KbzkdCdPP&fccid=a53930cac481aee3&vjs=3
Python Developer,LOGICHIVE SOLUTIONS,"Puttur, Karnataka",https://in.indeed.com/rc/clk?jk=465ea93252c4f04e&bb=-FPsCK7Euvkt2uCQ6vTYBuIbxT45Z8hdQgvErpyjFbdWP6uT8ckFlOuPQZp1Fz2io-mIRPkEOZoE3osIxx8V2jFNP2ZhNEM8AlaGg8sktOW3pDzCeGuPcexdYTfsFtrrN6JzZ2fycMQr1r5lniq9gg%3D%3D&xkcb=SoA567M3jAt3V4TCU50JbzkdCdPP&fccid=af45d38d89fc15b6&vjs=3
Python Developer,Appsmediaz Technologies,"Ghaziabad, Uttar Pradesh",https://in.indeed.com/rc/clk?jk=08ff4bfa08791099&bb=-FPsCK7Euvkt2uCQ6vTYBj9MaMKfnDK6N3yv1XZQsbjYatw3D8ElnY1N0d3zgxNJLhRlspSTSZt2UrxoequPQE0LSiJJMiizDcO9fefx9BY6YxJhc_8rLF8dgpkLoJtQIr2qMMHqQyHX-iL5o7JgRw%3D%3D&xkcb=SoCN67M3jAt3V4TCU50IbzkdCdPP&fccid=079117faf22f05e7&vjs=3
python developer,yelowsoft pvt ltd,"Ahmedabad, Gujarat",https://in.indeed.com/rc/clk?jk=4a4876b01673c3e9&bb=-FPsCK7Euvkt2uCQ6vTYBmdSLc2bfPlp3RsCsyKkOPMk5wnCI_YopBlCNapV3s_eJ990ZiEksdJEUIbQ66dqLjke72C7w11CjTZcPclCegw51-oH402Prli-DMvQpOg_OtFqr_pJF6stwezoxryTQg%3D%3D&xkcb=SoAD67M3jAt3V4TCU50PbzkdCdPP&fccid=7c7f19729049a269&vjs=3
Python Developer,7N,"Bengaluru, Karnataka",https://in.indeed.com/rc/clk?jk=5254b9f4d2f566b0&bb=-FPsCK7Euvkt2uCQ6vTYBoLBG8DEkth2WowdxQ3Ko1cLRnTfd-uXHyzKpyoaEN7Wa5_aHVkr-ZQW84vhLVP5Pmb5z7OJWfnYDZ01kngBFGW1c04TkcN72K7fMei7rk_VKzd-lsCD6aqgg0YNDokDug%3D%3D&xkcb=SoC367M3jAt3V4TCU50ObzkdCdPP&fccid=050cf6e1fc6835a8&vjs=3
Python Developer,RuleBird Byte Private Limited,"Vadodara, Gujarat",https://in.indeed.com/pagead/clk?mo=r&ad=-6NYlbfkN0A3SBjzVAf8jTk05d_-nBiV5jJ-565Da34QOazbkr1TI3W4q2j48QKWdz5M-6G39nIaJZlyQF-Ri5_01fQqM-pts8R9XVsycOkq3AtgOdTywxgdEs1V9V-MT0gVpoeyl1dfEct22UF-pR6buDt86oMSEsFt9qlsgnuEr0GDu6Z9zYVB0LEPH2XsefudWmh2M7Mp3VV8SG17Xgfc-79UIz0IupC_vEZUFOjRMNFTAaZVRzzD9YbqQAqbyqk-qX2amiF9BZU8QKDQ82L_xqmQ7ZoC6wdOF_EG6vZGUbTRJw7B2ZBpD5umIX3nH4zVMnpPDsHE0eKTtJqLsLyL6S09cqlyoqhcbwgh03v3qtFTHMwDTIMUQfGhulgINcsyvgVjauDhSwHMw6UYUl6E8TtrTr7L-15VetvtvBrE5UoZySP1y0EDW5yScVxvM0fU2le6k7LsRbNiA5mPRWoeQlB4NtY0ZvESlsVz5gtYjnmjXx_AXtsO2CZQ1Po-v8TPhWbUSlSFfd4EkBaq77vEylonT5M28Kq-tSDAlO1dEGTt1h7v4PewRUg4juMrtJsKkKdRD1BHo0V335catOm-Eu1tCkX9JiNeFPT_nH_1RaSv8Skou2q6WlXwWkyRsQqshl0_qbcozHkrTMTf0Ejo_evXLrniKshrruDvw-iso6TgpLkoNg==&xkcb=SoDe6_M3jAt3V4TCU50NbzkdCdPP&camk=C3EPSzFlQw_vz8GvMLy5Zw==&p=6&fvj=0&vjs=3
"AI or ML Engineer - Python, Scikit Learn, TensorFlow or PyTorch",Optum,"Hyderabad, Telangana",https://in.indeed.com/pagead/clk?mo=r&ad=-6NYlbfkN0BWpgndjYL01xMr26yTqLCDFb3b3BUdaEwmMV3w6lpNxfdb7iEvGm0gmfmM0o9B9H9B0ZyZORxvlUf3qmUdLH_3uy5rhqnVMCVxyvqp94Vq_o7O5wvI9BtHL8DJyJTMBJUUZvMIYGRf3qXJwoVWMI3DnEsDejxkRgctQwR1IyzD-zDF-dvtA8aSoLqEJ8-tCQGO1pcTBpzwiE0PFKH4ENGBsDjW1II4CFrVzkhvKR4HRMbbuA-eSRiUei2zmKpdVfKt4o7JeynvB6rOr7XBYf2RKcw7YHVe0fgvDEh4fSpqg2cqCGF5zmJNjQT_GcyqS6BQdKIYTPIod1UrlYB7nyjpW8wG1UYWhgW5DwmeVjL62aS979QQ5zp0yzaFo85mzi-S8vTbrgpcDg0UBfGW0gJENbxvjmv2kgFoudDI_DtzgFr20KMpzMAvdnrGEL6ryRpGTt9vcDv22KkhFSw-NpaZabnmNBrT2Un4sxTBqkTwU5eyXNY1BgLB7CUIehhHzcNoZeKiBJ54SQXxk2U_iC4bmrVkHiGcI1rmiZNbWtrnwuM3ETZTGZ8CreCgzi3rjP8bLE7GCwY-WfnIPSDTbjkY4DTTOtsXkSOuof9ZVGCJ34y5hd349YGeUJsPE-BzrYRiYXz0YKFDVf9J5tXLamnsMXtHXUfyoNMAJfu2J-tlbC5ovDs5J4uEPODw7fvFFIou1uwbLGVvLFEvbZa6kPPEK7YNUfYCp-kVtF3Al7ihicbdOxxjpxJ6MqIDEZgGMkfUbwKuVO5-0VRT-ELPva1QVZ15sqMOHSUkTt6v3sMVLQ==&xkcb=SoBq6_M3jAt3V4TCU50MbzkdCdPP&camk=ethIe0s0hed5mhSVDYdqwA==&p=7&fvj=0&vjs=3
Software Engineer - X Delivery,Boston Consulting Group,"Gurugram, Haryana",https://in.indeed.com/pagead/clk?mo=r&ad=-6NYlbfkN0Ad1FFWZOsBBwBZDGouyCcICeLSd3pQct3wJ1q5dPO7JNFPcbpYQ1XCYdTOV-ko2T6JId-iaiBwuBp5n8BoRo-1UAqp7bn_lrfNJ3FM8nKvwdJ1cA7pNg7zZpHDaosBDjo4Td-QyKPNSlTaNLF_HsnCGeygoGunEjLd9OSjIZtLqEiX-9PKlIiX8EtRwA6_kzcJMXdhRWM9wCb_nJ-UShPZSUu0nfpiKSSGMgnQmfNontxQKPpYMhh7mrFyj7E7dp1CZuQCz2BsWevxKEStK0wbMFJvXFsu-4p_dUePeGjXjkB5C_zg2Pyd8DxqS4IXnMY4RXIfCPliiPkEkh5qkjGTUO9CbUg7Xhvekzi75w3_K5Gg9kGsSYhe40y8-LyY4_pvZQYhkO_s-vRoYefWrKuYK2K-nE-v9yb_IwYfX0GGKXJzRNQv5DdLh_bpg0H7asudLJw3BafU8PIywxTNeH3Qps0MPxP02lh13-M-mq9O_t-GyjwD3-S79nBVVglzEQ9oyyuWu5nMpbDKx2LOpE4bmf27GuEzlacAxro9JySIYY5NoFwlcP-WUWrCKcQEtzF9xaHT_ofSjfc9QAzvc9cGKZ61vLeIGrY0755_BJGd3jvNEz9I3hIdJgQyDykD-tc9nVdf5RfnzHPQqtrFW6Jl8jeRoPB1VO4PQsDEzHjDtHGo945bJXyesUkT8s44ZiVLgYU9SYOG6hwbEUW34KPttx0Ytac8QUkpCCLOkrZK5C9ybeNpjDOo2nFtym-v6sIwOfrZxt-4Pg4AhSXS3GqTTqzi9csIm6I_8BmNEC4NXsDJLk26bXas9XwR2ucZIjvKxkfgKX3BjpsTTpjXLYpBC5XhjqTBoZtI39AwosFwOdVHiO-mjgSdM39D293di4dJJgyA4zuAQ4yg_f0nRV_zLvCPth2VInyBXghNE6PE3BssONRSb-o8mFuE2RN2naPTWNhNfXfC_u_CLrL8IKIUp7i47uE215STlW7Wu9iHDtWhiS0uJb4agehwMKADkc5y-CWLeL5si0Vd-qewFOtJTmy4bASkYGT9ulEVKMJpW_H7ktM5O6ySAoTSpGTpSHsh1vavnIT4xa9Tw0Pa2KNkre7pqs8qNbT9BguhRDDO0nd61EYQcHGHfUW5HEn-OfC85zn5-KpHGNjRvG6G1TQDhfzusMp6vBbLTOsFLky8JVPRFFLtj6Kotn4moI024wJx5ruvp_C0-Q_MjMN_OXg6m7qw1tdgctWs0Kt3gPMz0LGpelqwTGJA68ef7-cyIwe2J0cikQc3cXjL_ZcxgecTx7oNJnhLe9ie5ZleMPFMRNJ8VJCbNVCldt8FEim-7sQReS2EHjosAf9HExhd1FZWHwGAjX3W6OPYNsIvwZEzXmMKXg5XfY_PVhy24jmhQpnBmQwdDd1k2SoeL2dkiWZC44ceSG6B5J8=&xkcb=SoCD6_M3jAt3V4TCU50DbzkdCdPP&camk=C3EPSzFlQw-Kxz8aVjN35w==&p=8&fvj=0&vjs=3
Software Engineer - X Delivery,Boston Consulting Group,"Bengaluru, Karnataka",https://in.indeed.com/pagead/clk?mo=r&ad=-6NYlbfkN0Ad1FFWZOsBBwBZDGouyCcICeLSd3pQct3wJ1q5dPO7JNFPcbpYQ1XCYdTOV-ko2T6JId-iaiBwuBRAevE6wj0VBajZ3tMqFLxkFeSen_WbkRvDsquxlYewcRDP_pnL9ER047DFZr7n3HS4zi4xPwsKzLN89XwxlJ-D6ZGZ5pRnGlmBdoMUrFc7F4GTK4LgV3jn9kRBG0A2U0h8GbkOlg7OAjh21OFf21cBmlHYJQlC5kKPLFfHYs9_mya6zmBWR21_ZJeASArTSmgn5oXXYd2zkC3K69ubk8rrhmKbnct_eSgisLjZvsrVD954gz1fDNs6Qpqm8rrMTH4vwzVV4H9BdyPfaukzt1A02QlCKQmUetMIqNJ8B1yXuJKbTKb3Q0Jlt5jDtgQgBvXJ7AKQhDFyC7XjqR2rIQdKqwiTAceyFYv68xOLHBhhycRILnzVqOKDD4qYiwDrZ6a65CiuNF6SguBuLqICTOTpJOvVE1n3EEELXFYCwsEkd61ToXs_QIVLe39D-VNnLljHsRGZstxJ46byyxym7bFXpoO0lPL1VxBh8Hub8Fmb6Ct-x98Ay1sMP1V4RJA8UrFtlFjDeyRrkhB01iBZ9FtVGOyoqANrM1Ewd2HAZEElBdvS69qdyKOxHN9chMyPr662QyDV4iouR3LOzXIKB936WjDNdSSM1NzbG6VNqnb8up0sI-FnhYiPgiPYIEUSpsyMjFHcIk4nJ83AUJ5qTGmWeSmsn4VyNYwC_S5pVs5dtwk22FbO86g59-t70Lgu3IPqyJUc7xav_55u-Za7SPeWBJgtGPOxBiv5G4ny8GoeAGKXdkqmTbdSRCKJ3wbHFsOZDqIMaCVTJ4iSERhAHp-VaDYDe4bcm_IYL3GvlhFo46E1tEWQeTMo8v__PhERgmkAX2GBJbFlxQFTwLn7DYntCoy0iM_Tjj8TVbIvHL2CtDx7tgI1SAyytVsulvAfJKDcpWc7CgElajqQDYz2X1hSxXRWjzvlAiXoXMg3snljsKV_cTtHBqas5uKXYUvfED42-EDr8cX6MBzgZb9MdymYvVYbz09y_nv9L9BVJRWaw9p5QZ4mwCF6B1sYI-VPSLfGnEiQvSQ9oOf-6NrzBTRdJh131_j1biUefGE0Ub2c6hVnTk_Z2U0X2vYc5rjZUv6TfZLjqYHLHDuzBertc1zYiHdCRILALXyE3eeivtNbEC5hNByA5neVXaay0N81-Rvnhf7IQR3ZvGhK_JCjy3pMpoUIYUChf431IeobqogRYG8CVlKbfAVLJWbVvCTaVz-WbEAWBz4do6tRX9i9dpMhEeBwEYexj6VFXQ5yCGNqmvKuYSSi84GruvNytWlyOqBkyTRlCDwavhYqFvFFagieTUT-T_tcTLaVwwdj7i9W3fo0gQV9hEZ49b3SG_QrgQ==&xkcb=SoA36_M3jAt3V4TCU50CbzkdCdPP&camk=C3EPSzFlQw-Kxz8aVjN35w==&p=9&fvj=0&vjs=3
Software Engineer - X Delivery,Boston Consulting Group,"Bengaluru, Karnataka",https://in.indeed.com/viewjob?jk=456789abcdef0123
Enterprise Data & Analytics Engineering,Kenvue,"Bengaluru, Karnataka",https://in.indeed.com/pagead/clk?mo=r&ad=-6NYlbfkN0AnH6HNl3qg0QQoMtxRKZBdeOxG4LsryWJUV6u4ORaRKqUckZGVeOJzLn0Eg6o8XYI--C9_KIBnKupVlnYbJvr9DORniAomRrHN6TyTeDIr7HstiRZnhcmDeLZBG2WwdsTO5vtxGI-FxCxqfsMW7gSrB68AOIiWYFNngpWGM7h0wFnrpBj_9usYZ9M2Nw-PRJCVvucr_O7dv8uKTEE3xfWYwmQRBKdelu2NlSdnjd_5QFdRFgUeg488EzE7nPw0JejPxXCN3v1D4MtiN96_mrGg2WCzg_2IuTFTm6iaPynmLraEgk-Ef4uvapvUrC0Xme6wjD7z9h4m1malBqmAgKpsGFlWiqod1yPx9kuMZE0mcLrrt0jxJ000HAitCTq3rveDs8yFL-X112CHyNtJzczU5ovDyLz1ywp1TrOBoUyk8swFhhtpeKZLoQpN-4iyiLrwvpIURhmqYKT73bN-ctzXOfby7Gpc9vowvDwseSvt8qjivgs9qy5RRUv7d_9jq5faDTWon4_IeM7uTUo3JrHwI3R_qhxw055ZtETuIew-0OLK-mpSOsonQCKuxNzGPJtJ8HXxlnCAmLOKIoE3t0OvablE0ELoCFoXARNjy5DMhjQnA7ZvZ1VgteEyPDab0g6kD5MA5CpVOQrECFp9vwUgwzy5vl-SLSDp7ObdJ9HAz04DkRK6ENQeJ1oko6Lx9HiaNRMZgx823AQf3q4-PZ5m1DE0jj-1-pojVIklnbD0wcwnSEXiiRoVMR3bH2aia4u5K7NFLp0K2BuWIPrD6GQ5eT0phXhkUwwklXtTZyLl8qxPXopTVM4MmCIL8DvTYt6ydolnhZcyZ7zMCbA1tO6Ez5GkMHfCkCKtVSX7-L9-sw==&xkcb=SoCq6_M3jAt3V4TCU50BbzkdCdPP&camk=C3EPSzFlQw-Qts97afg0Vw==&p=10&fvj=0&vjs=3
Python Developer,Hashstudioz Technologies Pvt. Ltd.,"Unknown, Uttar Pradesh",https://in.indeed.com/rc/clk?jk=3d3c0cae120a515f&bb=-FPsCK7Euvkt2uCQ6vTYBjl5g3szoXblqeqXrCGLhidcpv4q3ZIxLoDrraimzZ5Uj3he_3Ut5gSPTvBF8ykvxCuoDF-2TwshNvDmpG1H8sPDmdWB0sI01xmZbd1eb3_d-WYGOk79nmrT1RTM4Yupyg%3D%3D&xkcb=SoDq67M3jAt3V4TCU50AbzkdCdPP&fccid=c90b199ca4defef0&vjs=3
Python FS Developer,Knack Consulting Services Pvt Ltd,"Hyderabad, Telangana",https://in.indeed.com/rc/clk?jk=0797908393dbc367&bb=-FPsCK7Euvkt2uCQ6vTYBnvWIl9fHVSHvu6JvlvSwdLt7o9orXneMpnVp8o9tQHBwEebhsm0G_ZgTA-sPH6G69alXlF_oHJ7Ecv8MorqPEwVUl-CHp87iuoJHN9CtVCXRbQoDJM8SYekMk6Jo-ceeQ%3D%3D&xkcb=SoBk67M3jAt3V4TCU50HbzkdCdPP&fccid=50b48ba13893b39b&vjs=3
Python Developer (AI/ML),Inheritx,"Ahmedabad, Gujarat",https://in.indeed.com/rc/clk?jk=c51453baf93e9bfc&bb=-FPsCK7Euvkt2uCQ6vTYBqfE37DgJifm6GTFeCr4i7M7UVZH5Zfp1i62OIheG2kVtrlIbH8bxFCnO_xykhWRncmTHpqKkyjlDP3d2TiA1LvsyyxLFrV3nW9WZewHiVIBRwDdc4JwSsilK1AdQsGR_w%3D%3D&xkcb=SoDQ67M3jAt3V4TCU50GbzkdCdPP&fccid=3a8169249cb1eea6&vjs=3
Python Developer,iTDAY India,"Bengaluru, Karnataka",https://in.indeed.com/rc/clk?jk=3da0faff473554f7&bb=-FPsCK7Euvkt2uCQ6vTYBkoS5TstHLeRADqGWFB4ebkyqNQNbbWPW1HcXOgnhWC4jtSxLhd76VDizjp4V_61qeiqM8tvyYGJ_-0_7AkUZrGsw7hY4emxS-M1_RNntD6_N0C_Jb97zB2Dfv1Lfp2DxA%3D%3D&xkcb=SoBN67M3jAt3V4TCU50FbzkdCdPP&fccid=13c2a34d9521c703&vjs=3
"Software Engineer, Machine Learning",Elfonze Technologies,"Bengaluru, Karnataka",https://in.indeed.com/rc/clk?jk=e46b5b833d38becd&bb=Y9f3KlSxYvwPc-bC2GGW4WyAHaz71x9fdKDbFcz5xILHBXNw0VNDKuUxLd_WAmfYnB49DFafio4pgd6eEYPEjyJzi0tvClJf7GSaFefISndrR4OpWDjuJ5r7OFvCvLwidf8-uPpFBDWRpDASGKvwYQ%3D%3D&xkcb=SoDF67M3jAt08wz4kB0LbzkdCdPP&fccid=79edaf26eba600e1&vjs=3
Data Scientist,BIZ-METRIC PARTNERS,India,https://in.indeed.com/rc/clk?jk=aa6171aedd8d53b7&bb=Y9f3KlSxYvwPc-bC2GGW4ZA5p_G-vfy29fGBs472xsDSsfz6UczIvZPT9QvdxLXftqgV3AH3uJlE9Si7qA2T-tL5dZkhobPTzEzbOBqk5jSEYVtIg6BDqzsgtv1PTW9KoiC3YbAVM1sZAWJz9QIZDA%3D%3D&xkcb=SoBx67M3jAt08wz4kB0KbzkdCdPP&fccid=0ed67941959bd3c6&vjs=3
Data Scientist,Safran,"Bengaluru, Karnataka",https://in.indeed.com/rc/clk?jk=c35313de6cfbeb62&bb=Y9f3KlSxYvwPc-bC2GGW4ZbEI2krkxnFG5m4MwMK8GpTPayTtKN8GgVR1El6wqNMJC5Bt2FnhWE6Q8qeajgCXw5Wth2JxcJQP1vQbC5ouSKGjlp56vlzZKV_-dv7jyL3PzcXMzvXVgI_pmKbqCp4RA%3D%3D&xkcb=SoDs67M3jAt08wz4kB0JbzkdCdPP&fccid=b3885ca934ed0066&vjs=3
Data Scientist,Indium Software,"Bengaluru, Karnataka",https://in.indeed.com/rc/clk?jk=b193183a617b0e3e&bb=Y9f3KlSxYvwPc-bC2GGW4UvFie8JO_d_4Ax1O_LQ-lyOY-7H-XIExkv1E5TEM7XMUxGAkC41y7PAzeO2iYNszbQxEYdf8UBW8YLF_ko8Z-fZdUZRNkKzCcvVlhwZBpRc1QmLGbRFkaEsGPjWesJLWA%3D%3D&xkcb=SoBY67M3jAt08wz4kB0IbzkdCdPP&fccid=a0543e7c87369495&vjs=3
AI Engineer (n8n),AceNet Consulting,"Bengaluru, Karnataka",https://in.indeed.com/rc/clk?jk=bc9216e31ace5149&bb=Y9f3KlSxYvwPc-bC2GGW4Y32YafM2zpwMxgSOP1e5QRcOpoLFS7NMLHYKcHRAmbkkgpH3KeJkfQMlfG-k8dapblUPcoL0Do9cbi99tJS5c33JjQpmD8C698loDg-1urfMWp6wah8ptxjCpji9-XCOQ%3D%3D&xkcb=SoDW67M3jAt08wz4kB0PbzkdCdPP&fccid=243f901feab5d499&vjs=3
(#1316 )- Python and Machine Learning Engineer,Sails Software,"Visakhapatnam, Andhra Pradesh",https://in.indeed.com/rc/clk?jk=542a979df409a132&bb=Y9f3KlSxYvwPc-bC2GGW4VTPAmP-UohxPyw936Ep7HImqiAvkEcp_Xa9JvnkmcPK7-r7DnUBxh7U7d4txb50LabeOfdBSoQUzvZW9w161pVHF39Nl8SDYmfIvKLc_FSQubFoLqo7x06Y-1tSuO8ovA%3D%3D&xkcb=SoBi67M3jAt08wz4kB0ObzkdCdPP&fccid=9992056fdb7197a3&vjs=3
Bilingual Web Developer - AI Trainer,DataAnnotation,"Remote in Roorkee, Uttarakhand",https://in.indeed.com/pagead/clk?mo=r&ad=-6NYlbfkN0CnM4TERr6XuVBW3VTRACvDXDx9S3Pbn6a0SwhkmoLTiIZpxuUfjFtTLag-19gp2VQ2sTaXnI1EyHJvVOOp0s3M9cqk5pXi3rxi3INZDoha6pTrCviSNSM-V3rt0H9edVvSYyeNx0PgKNHlAWj6R3sj9lLJrltCvFZOv4kDSocIvbgY1pwowua3m3kAveIwYntov68gAN5ZLa2w70xIzDbyptXSDZyx_ZhmsKA1v0-tlND_AMvXyRG078RdEwcCFWGFBotSX0mdYuScLTqcXe_z-MjT76QcSgrjPhqSA_UQGriki9osbkM6Nvo_wIWNxTNRK527x0UpSOlxW8TkKbej4sruOj4cdQrgCyNfcQyZcBxZWj-vtzN60E6GWvzMA12AgBIg6uXl4UQarvYMZ-jIVwEZWq6uFQNARZWIqn-cIylpKI4DY6BRdvOgGpeAqmRXuEz2rcXzZ4Zses-rM_WcHT9GQMAP_LowV4_iM5dtcd_EW_KotcOnvH3I82Zu5u9TfZ6hqoaI82Tg7VzoPzo47ik0VSZuNOBI1ORn_NdNC2PLtFMzgsCxdQxDqRzxpEJ6sm8cB2gCko4NeUgaOZuFjpiYgCJveFXWE5a1Pdkf1AxhgIvkqh7q6vdH2x-FjAJwnC2hP_qkTboON916iJ-ZZWkx_S3aDQ65UZSRLwcm_Mktno6n8Cu08Eoze0KuBNkz9jcW8wjE8f9nggm_8Tmzz-jM-2mujNADpK0hIYXzAdJK9iXLkmZnTDJwcT30j-lOXLqiIRmi1LrxnXGYTStC78JAH_j8jjK10WDJuBU8brWZPy4K8F2JfKU2odVGCSNDeqBqS8ZkB_Ju-X6epbYSkybYPcAG8UHr8t0WkfiXJGBIG6_pZInq&xkcb=SoAL6_M3jAt08wz4kB0NbzkdCdPP&camk=UoKtGZLa3XL1xyg-IyhIjw==&p=6&fvj=0&vjs=3
Bilingual Web Developer - AI Trainer,DataAnnotation,Remote in Chhattisgarh,https://in.indeed.com/pagead/clk?mo=r&ad=-6NYlbfkN0CnM4TERr6XuVBW3VTRACvDXDx9S3Pbn6a0SwhkmoLTiIZpxuUfjFtTLag-19gp2VQ2sTaXnI1EyKsBvjCTL90qq8TKAyteTB76K9Kb5zyCmfUgNND63-9DJHaz-em0Y-TC4b8lJAqocB4F0y91MrkXVnzGioVici-px9TA7HVkC5-JaduWZmW-tlsrGqF5zvHX6LrpkeHa2M4o7K6XzgGTpeZWAabGNbKHmQ29EaOsSyo1H1rY0DJeV5pqjWGVJTlvUZNvXb_c2577E4guLSBsQ58XKFJDB3QXDzLmjdN08bMUAjNzthoa3fCcOvrfOV3jSjIz7giUtqcPNGI4sYRe97quCA22YA8er4oBsfWWBc7jvDsUoFtdsRHOxhYg4dGiLQHMkE842wBfKdgZ9NCuqGzAgDnEgL3HEpGNVL1ZVDBE2A63b5iPo9tF7IoR7HFmqxLnY6eRBKlsV3E8uo4Et0Be4LVegvj16Es_V-rh7lUrQtbsYjEAor6lyorrsUi9InPMXLj8GLMKxqppxpDz9K34h5_qtFUK0yRZAqBA_21mPLUHQk_mfe4j4ah6bO4RCxyctRfnqdG0FLfTqI-l6icExm4afTkRkNZGN7GdsrF-eCzCUg0YJcJOGx6JOQfVYSGQ3Cr0Kajp0NN1SSPRGozbKV4fMf-cFoC1lmGjtutlXCX1oFyG5ti3I9SFKsulNyryMaWU00XMQxdxEJEFzGRWxfIYYL-CVkHPUKkCF2k2Uun9C3eAPIBuYze7gFPfUKDrjcGFx6D8D12mBTWTRdY0ksdjRZdWI_xxPHuDfInubjMDh4ngvzBE-nsVUshP8FvGldgXKGL_TXcf1bLmMXCX3PPX--7DKdRhXyUKtN4nHPSAfkjLTAGy8SEgF74=&xkcb=SoC_6_M3jAt08wz4kB0MbzkdCdPP&camk=UoKtGZLa3XL1xyg-IyhIjw==&p=7&fvj=0&vjs=3
Data & AI Compliance Analytics Engineer,Booking Holdings,"Bengaluru, Karnataka",https://in.indeed.com/pagead/clk?mo=r&ad=-6NYlbfkN0Asx0rKiHSXymkO8slWtT2xWkY1-oduHI0IsT-7aqdY0OCwOFuYw35h6PYkRa7j_YP08ywsBtsYiu_dV2nlsnV3Ek7t2lvflJFIBixrqCPCkmOrmsxwXQFGxfhs-1FdCvfmdoPgK8P2_MulskqldHmAAjjDDRlZhSBgDImH7UzXVFLI-b8qXjPuEiqyGyDZ4vEfDWq9VuFGyhORTmwZxT1bg-Pt5YINQ4BlC-oW9sbbVajdA7XtE4tnmfUHOQU_jM3z8OU5OrgdfhT3QKCrBrRRT6_Lzv_m_eeU-XgMag066KNtyfMtHcYSsBJ5uVrbwdumhAjyrmY_9vzxEEO_VsylYMm0VpvnuwxzdEWnHFAIN8U_44VsGBLy8yroorNhcPLBYtWx3baaPU58TOjwn_PYu_CG5Rex9bivT_zo8ZQdkG9lBDgkLqfPfLERk98nw30fQDlciJTkQCbMYNmepjA_mBnLbyyH6CIoDS2jcUEOBbaTRViqcsMvqBAE-5TE9F-shagTjM40J2K41v2nJt5a_-Jxh18jADcBuasnrlvM2DiGVaTRl_526eDG0mOhCUYjuIsr5_cxEgqpxSWvERZirbFVGLHLk5zdhDeMikPekdi6gumY_SaR5h803UML8TCkCjvIrGNl6izsqgzK6v2BMLa7LLzfmVxiDFI89cN756GblStUPwelcnsKqLSRCauY-ks2xGvkLBxDOWl3hITjc1aBU3E8UaXz66rqRPq8lPyiGmJ3geumdpz5b_wrNDqh4iixtJDt5XO91TqSqtnjU7jMz2zupo9m-mHbFOcBrGu3g0F57vK5l7uMk56p6SIRDM3L1Ol-mpQnHsVztOOsHrveeziRj8ffSCJYoAU_ushi8nnA5Zicg7RP45cd8rja-0OqK2JDEa6AEIJ1KuSc&xkcb=SoBW6_M3jAt08wz4kB0DbzkdCdPP&camk=C3EPSzFlQw_ZGffWIKGdrQ==&p=8&fvj=0&vjs=3
Bilingual Web Developer - AI Trainer,DataAnnotation,"Remote in Varanasi, Uttar Pradesh",https://in.indeed.com/pagead/clk?mo=r&ad=-6NYlbfkN0CnM4TERr6XuVBW3VTRACvDXDx9S3Pbn6a0SwhkmoLTiIZpxuUfjFtTLag-19gp2VQ2sTaXnI1EyNnPCPjT8EoyhP8t2RLfPO--n7OgOFRibunvRAHGPNctYTS0SeKcwaCyjjfTztHDjdbPBVZX0Z6O5E12oA23FyC4-Msrbdllar0wQ9Rp8mRFyzoY_pOvDBCrzTNa6VFjy4NlVwRbvySKxCp5FY0Y8Z58IB019TAGt5DUMOYv8OB5LvDVKQj0FdUoABQCvS659VXQOtygeSJn580gs8gJA-QNN4yHkjDfuF014hae5Kif_Pefgy5HBu4-wFwbSHK1TdiMZ66MIfjkI-Y3uqAUR4rvwfE28-Ux71b8Hni_aHYZE7XKF9D9pPk8yRJu4X2YL4A027ixIG9p1oDJw31RVCGVXV937j9O-ZdHi_N58mrCEmFeS916P9H9K9rFteumLFnnBV0jUK3B3NSOJHuXOqmO5VKIOzoXdPCYaiVIE76oWlbMqWVqPx_itcGqxsTMwgoxz-UnDf5oKvG-lMuZ1VwVLDWtuhNmONFXQD60fMDxSLo_i9Q74yO_uua0ozO8_ch6fJjv1BIi1bMh0eeOwWwpAwlKKBV936pg0fxBQgYK943uV5xwhteyNcgFOZ2DjoSbt37stCgykhkaZ6uxVTh7rm73MVxNOCGVFqiQajASjhDjRlWC3g9uADvSXKHsZHiBjRF1uHAhYDC_rDF9nsqegPZkr6RzGv_qrVGzPpLKvnveGkJzzhm4_ZZ9-31jNwzNnRVvC8T1UdSr4TSqcK66SjGhzTiFJHnARTUOSFphwH8bc5ON2ibP6asILKQDCCaxKdhnq_aukxnxo464B8_zj-sdlpYo5NvfFHZQHgtG&xkcb=SoDi6_M3jAt08wz4kB0CbzkdCdPP&camk=UoKtGZLa3XL1xyg-IyhIjw==&p=9&fvj=0&vjs=3
AI/ML Engineer,Optum,"Bengaluru, Karnataka",https://in.indeed.com/pagead/clk?mo=r&ad=-6NYlbfkN0BWpgndjYL01xMr26yTqLCDFb3b3BUdaEwmMV3w6lpNxfdb7iEvGm0gmfmM0o9B9H9azCCnJX2KMPy2k6sCC6wJZNKRTzjLpHgw8rH8Wmn3XzjudQILPYS5oFHub7d4I0O1-vHGubBXUNXBeTao5KeY8hHIsIdeAM9aHjw0jnyVu09_izGSCvQmSwyfRxZPuqB8sRQBLXEXFlBe1vseZZ_4lCvWb25SsSEtol7RInH7Uc43l3lb5OQ6eqBf8ZQcHsavEzrMVe_WTY4HCjmNHJRT6oZjhui6ElwFqyYvgpd_8Y9i8d4bKMMnPemlBxbJCoxV-eIIV62SniaR5tWMvxZSjlMXMR7o1Ma2TQjZxFjbk1TsHWQgcDYSN1kwRxA250QizO-5lUMdJNQPHFfwtAvUP3RXiJQqWPLeKLU8a76tEf5jR9OBCTCNw0JCTi8R6UWjL3Q7__CGH2O6pn3CnlkTXurRbDAYMaMxk67NB6Gdu-Rf3aiSajHuhRfQpnofbtI5TnFmkjbAU7_DW-DpIR1Fb9MaKK6EDjNc4RWffd-j2QSu4wIaZG9eZwNLudA_SXxE9Dq293kQ9wCMoFF2ciqEACbVC4JSiaVpmwMgEwp_IAIWkZpcnuOmNGnuQGah4gY5g3BZtDWWoHEloKvANFj8XlxcU3LnNMG03VS1Q3vmp6xcJtrB2Im92hIt17JXNkxoFsPzh5u43Ef_12WYOkXx1xV0dtzll0DdVw7t3noUdU9XjLtRqa_FMp4XGfZIrdEwhWKZzq98OcEvnliRb9S32TEXtmzmHF7bB5ElfpFVVQ==&xkcb=SoB_6_M3jAt08wz4kB0BbzkdCdPP&camk=ethIe0s0hed5mhSVDYdqwA==&p=10&fvj=0&vjs=3
AI-First Software Developer (Think + Ship),Sippi Software Solutions Private Limtied,"Ladwa, Haryana",https://in.indeed.com/pagead/clk?mo=r&ad=-6NYlbfkN0BtxWcnNaS4v1hS3hplaq4n0ru8xTHCvYHuH1rg7UZvABR2I7I1-xSb4OntVYtnM65Pq_62GFf8oPU8P9zTVL4EZvjqDNUdaTOrpdRpej6KVBjnpVLAU3s6g2sdrI8KVTTftgyQXCK2HRzzGGJTMzo6MZzY-DHcXIUCwN-klNqz2zYDcIOzjtyn8JxvD5bWw8DE_1C0APmjR4RHB0b2liuoTBzVfp-QEmUJTY2wafCoNkiGmBwunBktbJjXg1EPSs2pMqtK-KNDp7APRTuvLkdZn1ki4M8pxOzNxNTz6jB2DB0pV_4tlORzZ2D37VHNQlhIyd0xlvi2KNpUggT5ykjJBP_q_VsCV3gGc86agCsxJ37B8JhgDg5n59iocJcNUTncgzz8rlhiiKOdZbdW8sFBaNWmm3SXNbba9BngMJgZGpeTI1LIemBCSpCh4YnPlqkR55bXJQZRIupK9oxKfUJmayX0_M4aJjDhAvTZc0sopOuboyY_NnmJqvUQiOq_Dg2uC77-6JhTmA1y7Nl_TqdF6-RYXuc0RKFE7z6cz3SqsUuomJTnKmKDNQRwKMoykE2sK3jUWDpDZ0KwwLCzXMu158n_t1oG9Nx0xOiPQZe2Wmzp01GeYVlnWSnvkuKL3ilxnMKpEOsmoz3rc1vkPfmNt8q8yoly0QWCX1eCHkunzmFCIMcmJkfSsyylxJFFeeE=&xkcb=SoDL6_M3jAt08wz4kB0AbzkdCdPP&camk=C3EPSzFlQw8Fe0REvwWYIw==&p=11&fvj=0&vjs=3
WordPress Developer - AI Trainer,DataAnnotation,"Dehradun District, Uttarakhand",https://in.indeed.com/pagead/clk?mo=r&ad=-6NYlbfkN0CnM4TERr6XuVBW3VTRACvDXDx9S3Pbn6a0SwhkmoLTiIZpxuUfjFtTLag-19gp2VTzwia1WIbpcv5XXcrjV44f1SRZyvuh1YD0_q99DmWA016HPtUxVGHAbK3ya_Y177cKsjgALLJvfRc4xsI7z6LXooyLHm33f46DQIQ5kD3POd7TPbfCgskZwbJfAKiDqyWQH9Aqs8JA3Ua27rE4mbgnyn_Fx5WlHcEccJf4or8cIWXmDI1UM6R_twTs4iaK89weOfMQ9du0VnSY2a_YQMcriCWYs2b0HIP-zr2G1nFVUY5zsefZbKNUkn073NpjQ8vGwg0vxyl-BjiWn1o0l2alYvvbfvY4762WprsjGBxIDA40GgnFpp3auWXxzksIk4-Vp5MNm6bDjItHtNhXrkVCpT9VuUdoQb8hEE9cRD1hApts-LAhrlmC0iZxv8whi6dlTCqkciuGebKVNWkEgI7_kAgUyebtCP5dNpuopwLA8F571j-PY22XPJke38JyLsBYEUiWs4m9hSovZ09nzSGOS2GE7vqMgQvaY7_cV0qvja_jUPPvtYQC7Gj9OqqV8jujvd8WzHFWrYyaijgMFZoNzgGbD16At977xYlDlyNAh-nFOHo6mUXBifAdawdptwH2YS-wzI3JHygpBxOdAIRmSffgTH9OYYxrY88pOWQuJjzMxG5hC44q-90CNgWECg5tjdbUexk2l1omA2v-ETLWa17ra05iC1-tHPfoi5G6h_fs-Iq9N6Psa3YP_w3-c7_RjjVNWSw8i6xlzYfPBkxhOn85rxM9vnmTcqlxMYn0agsbAtoPJwMI7OHKw2KCppkdYkaRdJu-pxKahLhGQ0gn&xkcb=SoBF6_M3jAt08wz4kB0HbzkdCdPP&camk=UoKtGZLa3XL1xyg-IyhIjw==&p=12&fvj=0&vjs=3
"AI or ML Engineer - Python, Scikit Learn, TensorFlow or PyTorch",Optum,"Hyderabad, Telangana",https://in.indeed.com/pagead/clk?mo=r&ad=-6NYlbfkN0BWpgndjYL01xMr26yTqLCDFb3b3BUdaEwmMV3w6lpNxfdb7iEvGm0gmfmM0o9B9H9B0ZyZORxvlUf3qmUdLH_3uy5rhqnVMCVxyvqp94Vq_o7O5wvI9BtHL8DJyJTMBJUUZvMIYGRf3qXJwoVWMI3DnEsDejxkRgctQwR1IyzD-zDF-dvtA8aSoLqEJ8-tCQGO1pcTBpzwiE0PFKH4ENGBsDjW1II4CFrVzkhvKR4HRMbbuA-eSRiUei2zmKpdVfKt4o7JeynvB6rOr7XBYf2RKcw7YHVe0fgvDEh4fSpqg2cqCGF5zmJNjQT_GcyqS6BQdKIYTPIod1UrlYB7nyjpW8wG1UYWhgW5DwmeVjL62aS979QQ5zp0yzaFo85mzi-qdPXCq8tfXh8tXkYDWVTifY4zmCdjw1pN0Vx5BaG1bWe5S6NcrFqB4ZziPFpFlL5UhI1hY909orLITClCZLBBCNVwyCjW_XkES7E1eAruSSJvamxXXQTuleLrA9c_GLvRoyq_gbNMlfsVq7xXvGUvrOmiWXp19NEpQ0UDoRpqI2hPXSWTvS-5VBl55oOrd2AM4iIIZ644j_v1IchSuNT4esgM2UdEz9-5J6sEUCeZyr43aMMKQQlaW8joIUmjmBLMdeoJUSOve1vzp-TKGnOO0_mmQ7DHTALXWP-f4ae2UOtR8ASg7gYUk7ZsED2PemNLWOFfmzfy3D8P9nKXFkmDA0NJnjrOKbLSsXqyQS8GahtBGbCjJg5zlbyO4fxPIrlKYsDZ4a6cLGKaDStQOGJHLCLOcgpglzsrf9DyIao7vA==&xkcb=SoDx6_M3jAt08wz4kB0GbzkdCdPP&camk=ethIe0s0hed5mhSVDYdqwA==&p=13&fvj=0&vjs=3
"AI or ML Engineer - Python, Scikit Learn, TensorFlow or PyTorch",Optum,"Hyderabad, Telangana",https://in.indeed.com/viewjob?jk=890abcdef0123456
Senior AI or ML Engineer,Optum,"Noida, Uttar Pradesh",https://in.indeed.com/pagead/clk?mo=r&ad=-6NYlbfkN0BWpgndjYL01xMr26yTqLCDFb3b3BUdaEwmMV3w6lpNxfdb7iEvGm0gmfmM0o9B9H9-vYCdyBADKZzM_uIvSGWvuB2tOF4dUJ-x2X07SGueU70pJB58RWyp1Xg0D8Y-vD4unOHU4nOYYLEbhrSNgmSbvqUtIElfOqxzV2_XAcbx3aDzwsC1etNbO_rekVymlnfjA8Qfkscmvw37RjxCviK_SdzOXwmbcTQHD8zWaW2S0CtBAsiTH3uIzSYIjfTQvtoELHN07uWAIco6hg8jHAvemFdAGZqc8PtWlGfPNjPDyqcXWdMB_-d_hlpfgeesYbkjdoMP374pfVl5MS3QYmTuF-FSa4QnBf17j4-ejvFidT3nzXOFRhEkvlLHqK8IdLJl7W44ZcDhmRvcc-sX8HO9sidWJACKO5PDucH7B7wDOS1GTxtLmg0iFopq8S8hom2mRpYROaeyfXxuVJHMcpDtt70AYUOckNrlkyNpfWHbLyREZiFtrNkO-y54fM8e-VAsj5mXXp01oMDEQXxhl4A5TW1PBeQIF_j1xg3ZLwxR9SC4z3gy6zemKm6QoKxja439Cbafrk_JFG3uTKsRUkfUHoV4cCFc-ar0B74X4unNDJduuZOz5eZRhtKMz88smcoiY0Oj49nEcMlOH2pftx83As9Loqvb8kGbBGLM2Y_H62FQuR_9l-zt7XZjqfpcg5C8iEfr4oPT2P2PlNC3ucsdQ3SmcvEC485goOFz5dqHakCqDSJljpfxzrlmHh4tew1Q0dvIYqtSio4y38N0Q4cSVCjUjJbEvyfO8UK3cmGIWg==&xkcb=SoBs6_M3jAt08wz4kB0FbzkdCdPP&camk=ethIe0s0hed5mhSVDYdqwA==&p=14&fvj=0&vjs=3
